버스번호,기점,종점,상행 정류장수,상행 정류장(순서대로),하행 정류장수,하행 정류장(순서대로)
순환01,세하동,세하동,50,세하동 ▶ 서창농협벽진지점 ▶ 김대중컨벤션센터(마륵)역(북) ▶ 5.18자유공원 ▶ 상무금호아파트 ▶ 계수초교 ▶ 상무대우아파트 ▶ 시청 ▶ 버들마을 ▶ 광주종합버스터미널 ▶ 광천치안센터 ▶ 경신여고 ▶ 신안교 ▶ 전남대사거리(동) ▶ 광주역육교 ▶ 전대동창회관 ▶ 서방사거리 ▶ 교육대 ▶ 풍향시장 ▶ 산수오거리 ▶ 법원입구 ▶ 살레시오여고 ▶ 조선대 ▶ 남광주역 ▶ 양림휴먼시아2차 ▶ 양림휴먼시아1차 ▶ 남광주농협 ▶ 백운우체국 ▶ 무등시장입구(남) ▶ 서남하이츠(국제양궁장) ▶ 원광대한방병원 ▶ 풍암우미아파트 ▶ 풍암한국아파트 ▶ 풍암한신아파트 ▶ 풍암모아아파트 ▶ 마재우체국 ▶ 마재대주아파트 ▶ 서구문화센터 ▶ 금호시영아파트 ▶ CBS방송국 ▶ 상무중 ▶ 운천저수지 ▶ 상무지구입구 ▶ 상무쌍용금호아파트 ▶ 계수초교 ▶ 상무금호아파트 ▶ 5.18자유공원 ▶ 김대중컨벤션센터(마륵)역 ▶ 서창농협벽진지점 ▶ 세하동,0,
좌석02,무등산국립공원(증심사),한국에너지공과대학교,45,무등산국립공원(증심사) ▶ 성촌마을.전통문화관 ▶ 운림중 ▶ 연진회미술원 ▶ 홍림교 ▶ 학동무등파크 ▶ 학동증심사입구역 ▶ 조선대병원 ▶ 조선대공과대학 ▶ 서남동행정복지센터 ▶ 국립아시아문화전당(구.도청) ▶ 예술의거리입구 ▶ 대인시장(서) ▶ 동부소방서 ▶ 광주역 ▶ 전남대사거리(서) ▶ 경신여고 ▶ 광천치안센터 ▶ 광주종합버스터미널 ▶ 버들마을 ▶ 시청 ▶ 한국은행 ▶ 한국국토정보공사 ▶ 한국수자원공사 ▶ 농협운천지점 ▶ 5.18자유공원 ▶ 김대중컨벤션센터(마륵)역 ▶ 서창입구 ▶ 공항역 ▶ 송정공원역 ▶ 영광통 ▶ 광주송정역 ▶ 신동사거리 ▶ 도산역 ▶ 상선 ▶ 동곡 ▶ 전력거래소 ▶ 문화예술위원회 ▶ 호수공원 ▶ 우정사업정보센터 ▶ 한빛1교 ▶ 매성고 ▶ 부영3단지 ▶ 한국에너지공과대학교입구 ▶ 한국에너지공과대학교,45,한국에너지공과대학교 ▶ 한국에너지공과대학교입구 ▶ 부영3단지 ▶ 매성고 ▶ 한빛1교 ▶ 국립전파연구원 ▶ 빛가람행정복지센터 ▶ 한전KDN ▶ 한국농촌경제연구원 ▶ 동곡 ▶ 상선 ▶ 도산역 ▶ 신동사거리 ▶ 광주송정역 ▶ 영광통 ▶ 송정공원역 ▶ 공항역 ▶ 서창입구 ▶ 김대중컨벤션센터(마륵)역(북) ▶ 5.18자유공원 ▶ 농협운천지점 ▶ 한국수자원공사 ▶ 한국국토정보공사 ▶ 한국은행 ▶ 시청 ▶ 버들마을 ▶ 광주종합버스터미널 ▶ 광천치안센터 ▶ 경신여고 ▶ 전남대사거리(서) ▶ 광주역 ▶ 동부소방서 ▶ 대인시장(서) ▶ 국립아시아문화전당(구.도청) ▶ 서남동행정복지센터 ▶ 조선대공과대학 ▶ 조선대병원 ▶ 학동증심사입구역 ▶ 학2마을아파트 ▶ 학동평화맨션 ▶ 홍림교 ▶ 연진회미술원 ▶ 운림중 ▶ 성촌마을.전통문화관 ▶ 무등산국립공원(증심사)
수완03,폭스존,송원대,37,폭스존 ▶ 우편집중국 ▶ 첨단사거리 ▶ 응암공원 ▶ 수완우미린2차 ▶ 수완현진에버빌1차 ▶ 수완모아엘가 ▶ 광주농수산물유통센터(북) ▶ 수완중흥S-클래스 1차 ▶ 목련마을6단지 ▶ 운남삼성아파트 ▶ 광주종합버스터미널 ▶ 광천치안센터 ▶ 경신여고 ▶ 전남대사거리(동) ▶ 교육대 ▶ 산수오거리 ▶ 살레시오여고 ▶ 조선대 ▶ 남광주역 ▶ 남광주농협 ▶ 대광여고 ▶ 대성여고 ▶ 동성고 ▶ 금호타운아파트 ▶ 광주대 ▶ 구암 ▶ 빛고을CC ▶ 신기교 ▶ 대동마을 ▶ 효천초교 ▶ 입암 ▶ 광곡입구/빛여울초교 ▶ 광주김치타운입구 ▶ 입하마을 ▶ 송암공단입구 ▶ 송원대,37,송원대 ▶ 송암공단입구 ▶ 입하마을 ▶ 광주김치타운입구 ▶ 광곡입구/빛여울초교 ▶ 입암 ▶ 효천초교 ▶ 대동마을 ▶ 신기교 ▶ 빛고을CC ▶ 구암 ▶ 광주대 ▶ 금호타운아파트 ▶ 동성고 ▶ 대성여고 ▶ 대광여고 ▶ 남광주농협 ▶ 남광주역 ▶ 조선대 ▶ 살레시오여고 ▶ 산수오거리 ▶ 교육대 ▶ 전남대사거리(동) ▶ 경신여고 ▶ 광천치안센터 ▶ 광주종합버스터미널 ▶ 운남삼성아파트 ▶ 목련마을6단지 ▶ 수완중흥S-클래스 1차 ▶ 광주농수산물유통센터(북) ▶ 수완모아엘가 ▶ 수완현진에버빌1차 ▶ 수완우미린2차 ▶ 응암공원 ▶ 첨단사거리 ▶ 우편집중국 ▶ 폭스존
매월06,매월동(북),장등동,31,매월동(북) ▶ 대동고 ▶ 화훼단지 ▶ 풍암사거리(동) ▶ 마재대주아파트 ▶ 서구문화센터 ▶ 금호모아아파트 ▶ 월드컵경기장 ▶ 월산마을 ▶ 월산5동 ▶ 신우아파트 ▶ 주월주택단지 ▶ 백운우체국 ▶ 까치고개 ▶ 대성사거리 ▶ 대성초교 ▶ 향교 ▶ 충장치안센터 ▶ 예술의거리입구 ▶ 대인시장(동) ▶ 광주고/4.19역사관 ▶ 서방사거리육교 ▶ 서방시장(남) ▶ 동강대 ▶ 말바우시장(동) ▶ 무등도서관 ▶ 광주병원 ▶ 농산물공판장 ▶ 문흥지구입구(남) ▶ 문흥지구입구(동) ▶ 장등동,30,장등동 ▶ 문흥지구입구(남) ▶ 농산물공판장 ▶ 광주병원 ▶ 무등도서관 ▶ 말바우시장(동) ▶ 동강대 ▶ 서방시장(남) ▶ 서방사거리육교 ▶ 광주고/4.19역사관 ▶ 대인시장(동) ▶ 예술의거리입구 ▶ 충장동행정복지센터 ▶ 향교 ▶ 대성초교 ▶ 대성사거리 ▶ 까치고개 ▶ 백운우체국 ▶ 주월주택단지 ▶ 신우아파트 ▶ 월산5동 ▶ 월산마을 ▶ 월드컵경기장 ▶ 금호모아아파트 ▶ 서구문화센터 ▶ 마재대주아파트 ▶ 풍암사거리(동) ▶ 화훼단지 ▶ 대동고 ▶ 매월동(북)
진월07,송암공단(세영운수),살레시오고/교통문화연수원,35,송암공단(세영운수) ▶ 송원대 ▶ 송암공단입구 ▶ 송하삼익아파트 ▶ 광주대입구 ▶ 동성고 ▶ 대성여고 ▶ 진월대주아파트 ▶ 대광여고 ▶ 백운광장 ▶ 백운우체국 ▶ 까치고개 ▶ 대성사거리 ▶ 대성초교 ▶ 향교 ▶ 충장치안센터 ▶ 예술의거리입구 ▶ 대인시장(서) ▶ 동부소방서 ▶ 수창초교후문 ▶ 유동사거리 ▶ 엔씨백화점 ▶ 광주역 ▶ 전남대사거리(동) ▶ 효동초교입구 ▶ 전남대스포츠센터 ▶ 도로교통공단 대신파크 ▶ 오치한전 ▶ 북부경찰서 ▶ 광주공고입구 ▶ 고려고 ▶ 국제고 ▶ 일곡사거리 ▶ 서일초교 ▶ 살레시오고/교통문화연수원,32,살레시오고/교통문화연수원 ▶ 서일초교 ▶ 일곡사거리 ▶ 국제고 ▶ 고려고 ▶ 광주공고입구 ▶ 북부경찰서 ▶ 오치한전 ▶ 도로교통공단 대신파크 ▶ 전남대스포츠센터 ▶ 효동초교입구 ▶ 전남대사거리(동) ▶ 광주역 ▶ 유동사거리 ▶ 광주일고.광주고용센터 ▶ 금남로5가역 ▶ 금남로4가역 ▶ 충장동행정복지센터 ▶ 향교 ▶ 대성초교 ▶ 대성사거리 ▶ 까치고개 ▶ 백운우체국 ▶ 백운광장 ▶ 대광여고 ▶ 진월대주아파트 ▶ 대성여고 ▶ 동성고 ▶ 송하삼익아파트 ▶ 송암공단입구 ▶ 송원대 ▶ 송암공단(세영운수)
첨단09,첨단종점,무등산국립공원(증심사),41,첨단종점 ▶ 고내입구 ▶ 한국광기술원 ▶ 산업인력공단 ▶ 국립광주과학관 ▶ 한국생산기술연구원 ▶ 쌍암공원 ▶ 월계중 ▶ 응암공원 ▶ 첨단라인아파트 ▶ 첨단2동행정복지센터 ▶ 무양서원입구 ▶ 남부대 ▶ 신창초교 ▶ 신창중 ▶ 신창동우체국 ▶ 신가중 ▶ 신가우미아파트 ▶ 신가주공아파트 ▶ 신가사거리 ▶ 풍영정입구 ▶ 동천마을3단지 ▶ 유덕초교 ▶ 광명하이츠후문 ▶ 광주종합버스터미널 ▶ 현대자동차 ▶ 북성중 ▶ 광주일고.광주고용센터 ▶ 금남로5가역 ▶ 금남로4가역 ▶ 국립아시아문화전당(구.도청) ▶ 문화전당역 ▶ 전남대병원.남광주시장 ▶ 조선대병원 ▶ 학동증심사입구역 ▶ 학2마을아파트 ▶ 학동평화맨션 ▶ 홍림교 ▶ 연진회미술원 ▶ 운림중 ▶ 무등산국립공원(증심사),39,무등산국립공원(증심사) ▶ 운림중 ▶ 연진회미술원 ▶ 홍림교 ▶ 학동무등파크 ▶ 학동증심사입구역 ▶ 조선대병원 ▶ 전남대병원.남광주시장 ▶ 문화전당역 ▶ 국립아시아문화전당(구.도청) ▶ 금남로4가역 ▶ 금남로5가역 ▶ 광주일고.광주고용센터 ▶ 북성중 ▶ 현대자동차 ▶ 광주종합버스터미널 ▶ 광명하이츠후문 ▶ 유덕초교 ▶ 동천마을3단지 ▶ 풍영정입구 ▶ 신가사거리 ▶ 신가주공아파트 ▶ 신가우미아파트 ▶ 신가중 ▶ 신창동우체국 ▶ 신창중 ▶ 신창초교 ▶ 남부대 ▶ 무양서원입구 ▶ 첨단2동행정복지센터 ▶ 첨단라인아파트 ▶ 응암공원 ▶ 월계중 ▶ 쌍암공원 ▶ 한국생산기술연구원 ▶ 국립광주과학관 ▶ 산업인력공단 ▶ 한국광기술원 ▶ 첨단종점
일곡10,살레시오고/교통문화연수원,진곡산단,60,살레시오고/교통문화연수원 ▶ 살레시오고입구 ▶ 일곡삼호아파트 ▶ 서일초교 ▶ 일곡초교 ▶ 일곡사거리 ▶ 향토음식박물관 ▶ 양지마을 ▶ 양지초교 ▶ 양산택지사거리 ▶ 광주은행양산동지점 ▶ 양산타운 ▶ 용두주공 ▶ 복룡입구(일곡10) ▶ 빛고을고입구 ▶ 신용초등학교 ▶ 첨단휴먼시아 ▶ 보훈병원후문 ▶ 봉산중 ▶ 무양서원입구 ▶ 첨단2동행정복지센터 ▶ 첨단사거리 ▶ 첨단라인아파트 ▶ 응암공원 ▶ 도천저수지 ▶ 도촌제 ▶ 골옷교 ▶ 수완양우내안애 ▶ 고실마을 ▶ 수완영무예다음 ▶ 수완현진에버빌1차 ▶ 성덕교 ▶ 은빛마을 ▶ 신창부영2차아파트 ▶ 신창동우체국 ▶ 신가중 ▶ 신가우미아파트 ▶ 신가주공아파트 ▶ 신가사거리 ▶ 극락강역입구 ▶ 신가동 ▶ 목련마을 ▶ 목련마을6단지 ▶ 운남삼성아파트 ▶ 광산구노인복지관 ▶ 영천초교 ▶ 월곡2동행정복지센터 ▶ 산정초교 ▶ 다사로움1차아파트 ▶ 하남2지구 ▶ 지실마을 ▶ 장수동 ▶ 구강리 ▶ 한국자동차연구원 ▶ 현대위아 ▶ RTM ▶ 수호 ▶ LG전자광주물류센터 ▶ 케이엔 ▶ 진곡산단,60,진곡산단 ▶ 케이엔 ▶ LG전자광주물류센터 ▶ 수호 ▶ RTM ▶ 현대위아 ▶ 한국자동차연구원 ▶ 구강리 ▶ 장수동 ▶ 지실마을 ▶ 하남2지구 ▶ 다사로움1차아파트 ▶ 산정초교 ▶ 월곡2동행정복지센터 ▶ 영천초교 ▶ 광산구노인복지관 ▶ 운남삼성아파트 ▶ 목련마을6단지 ▶ 목련마을 ▶ 신가동 ▶ 신가사거리 ▶ 신가주공아파트 ▶ 신가우미아파트 ▶ 신가중 ▶ 신창동우체국 ▶ 신창부영2차아파트 ▶ 은빛마을 ▶ 성덕교 ▶ 수완현진에버빌1차 ▶ 수완영무예다음 ▶ 고실마을 ▶ 수완양우내안애 ▶ 골옷교 ▶ 도촌제 ▶ 도천저수지 ▶ 응암공원 ▶ 첨단라인아파트 ▶ 첨단사거리 ▶ 첨단2동행정복지센터 ▶ 무양서원입구 ▶ 봉산중 ▶ 보훈병원후문 ▶ 첨단휴먼시아 ▶ 신용초등학교 ▶ 빛고을고입구 ▶ 첨단2부영사랑으로아파트 ▶ 복룡입구 ▶ 용두주공 ▶ 양산타운 ▶ 광주은행양산동지점 ▶ 양산택지사거리 ▶ 양지초교 ▶ 양지마을 ▶ 향토음식박물관 ▶ 일곡사거리 ▶ 일곡초교 ▶ 서일초교 ▶ 일곡삼호아파트 ▶ 살레시오고입구 ▶ 살레시오고/교통문화연수원
수완12,무등산국립공원(증심사),돈보스코학교,56,무등산국립공원(증심사) ▶ 성촌마을.전통문화관 ▶ 학운초교 ▶ 동산마을입구 ▶ 운림중 ▶ 연진회미술원 ▶ 홍림교 ▶ 학동무등파크 ▶ 학동증심사입구역 ▶ 조선대병원 ▶ 전남대병원.남광주시장 ▶ 전남대병원오거리/남동성당 ▶ 문화전당역 ▶ 국립아시아문화전당(구.도청) ▶ 충장동행정복지센터 ▶ 향교 ▶ 대성초교 ▶ 대성사거리 ▶ 까치고개 ▶ 백운초교(북) ▶ 백운우체국 ▶ 주월주택단지 ▶ 신우아파트 ▶ 월산5동 ▶ 월산4동 ▶ 건강협회 ▶ 상공회의소 ▶ 화정중흥파크 ▶ 신세계백화점(북) ▶ 광천치안센터 ▶ 운암도서관 ▶ 운암중 ▶ 운암우미아파트 ▶ 시립장애인복지관 ▶ 동림푸른마을 ▶ 산동교 ▶ 반촌/마한유적체험관 ▶ 보건대입구 ▶ 전남공고입구 ▶ 신창용수마을 ▶ 신창초교 ▶ 신창중 ▶ 신창부영2차아파트 ▶ 은빛마을 ▶ 수완모아엘가 ▶ 광주농수산물유통센터(북) ▶ 광주농수산물유통센터(서) ▶ 수완중흥S-클래스 2차 ▶ 흑석사거리(동) ▶ 흑석사거리(서) ▶ 광산세무서 ▶ 하남초교 ▶ 하남2지구 ▶ 하남1교 ▶ 하남3지구모아엘가 ▶ 돈보스코학교,60,돈보스코학교 ▶ 하남3지구모아엘가 ▶ 하남1교 ▶ 하남2지구 ▶ 하남초교 ▶ 광산세무서 ▶ 흑석사거리(서) ▶ 흑석사거리(동) ▶ 수완중흥S-클래스 2차 ▶ 광주농수산물유통센터(서) ▶ 광주농수산물유통센터(북) ▶ 수완모아엘가 ▶ 성덕교 ▶ 은빛마을 ▶ 신창부영2차아파트 ▶ 신창중 ▶ 신창초교 ▶ 신창용수마을 ▶ 전남공고입구 ▶ 보건대입구 ▶ 반촌/마한유적체험관 ▶ 산동교 ▶ 동림푸른마을 ▶ 시립장애인복지관 ▶ 운암우미아파트 ▶ 운암중 ▶ 운암도서관 ▶ 운암벽산블루밍 ▶ 광주예술의전당 ▶ 광천치안센터 ▶ 신세계백화점 ▶ 화정중흥파크 ▶ 상공회의소 ▶ 건강협회 ▶ 월산4동 ▶ 월산5동 ▶ 신우아파트 ▶ 주월주택단지 ▶ 백운우체국 ▶ 까치고개 ▶ 대성사거리 ▶ 대성초교 ▶ 향교 ▶ 중앙대교(서) ▶ 충장치안센터 ▶ 국립아시아문화전당(구.도청) ▶ 문화전당역 ▶ 전남대병원오거리/남동성당 ▶ 전남대병원.남광주시장 ▶ 남광주사거리 ▶ 조선대병원 ▶ 학동증심사입구역 ▶ 학2마을아파트 ▶ 학동평화맨션 ▶ 홍림교 ▶ 연진회미술원 ▶ 운림중 ▶ 학운초교 ▶ 성촌마을.전통문화관 ▶ 무등산국립공원(증심사)
선운14,송산유원지(종점),신세계백화점,25,송산유원지(종점) ▶ 송산유원지 ▶ 동명고 ▶ 서봉마을 ▶ 샛터마을 ▶ 호남대 ▶ 선암 ▶ 선운중학교 ▶ 선운휴먼시아 ▶ 선운리버프라임아파트 ▶ 운수마을 ▶ 광주무역회관 ▶ 한국은행 ▶ 한국국토정보공사 ▶ 대우디오빌 ▶ 상무병원 ▶ 5.18기념공원 ▶ 5.18기념문화센터 ▶ 모아제일아파트 ▶ 쌍촌현대아파트 ▶ 솔뫼타운 ▶ 해태아파트 ▶ 기아자동차 ▶ 광주종합버스터미널 ▶ 신세계백화점,24,신세계백화점 ▶ 화정무등파크 ▶ 해태아파트 ▶ 쌍촌현대아파트 ▶ 모아제일아파트 ▶ 5.18기념문화센터 ▶ 5.18기념공원 ▶ 상무병원 ▶ 대우디오빌 ▶ 한국수자원공사 ▶ 한국국토정보공사 ▶ 한국은행 ▶ 광주무역회관 ▶ 운수마을 ▶ 선운리버프라임아파트 ▶ 선운휴먼시아 ▶ 선운중학교 ▶ 선암 ▶ 호남대 ▶ 샛터마을 ▶ 서봉마을 ▶ 동명고 ▶ 송산유원지 ▶ 송산유원지(종점)
지원15,월남동,태령,51,월남동 ▶ 주남 ▶ 녹동 ▶ 지원화훼단지 ▶ 지원2동행정복지센터입구 ▶ 소태역 ▶ 광주남초교 ▶ 동구문화센터 ▶ 삼익세라믹 ▶ 학동증심사입구역 ▶ 조선대병원 ▶ 조선대공과대학 ▶ 조선대 ▶ 살레시오여고 ▶ 법원입구 ▶ 산수오거리 ▶ 두암지구입구 ▶ 풍향삼거리 ▶ 교육대 ▶ 서방시장(남) ▶ 동강대 ▶ 말바우시장(동) ▶ 무등도서관 ▶ 문화중 ▶ 현대아파트 ▶ 우산주공1단지 ▶ 성산맨션 ▶ 도로교통공단 대신파크 ▶ 오치한전 ▶ 서산초교 ▶ 오치1동행정복지센터 ▶ 31사단 ▶ 원삼각마을삼일아파트 ▶ 일곡사거리 ▶ 일곡초교 ▶ 서일초교 ▶ 일곡삼호아파트 ▶ 명상의집 ▶ 우치공원 ▶ 생룡 ▶ 지산마을 ▶ 용전사거리(북) ▶ 대진운수 ▶ 용전입구 ▶ 전통공예문화학교 ▶ 효령노인복지타운 ▶ 북초교 ▶ 수곡 ▶ 두촌 ▶ 단지삼거리 ▶ 태령,50,태령 ▶ 단지삼거리 ▶ 두촌 ▶ 수곡 ▶ 북초교 ▶ 효령노인복지타운 ▶ 전통공예문화학교 ▶ 용전입구 ▶ 용전사거리(북) ▶ 지산마을 ▶ 생룡 ▶ 우치공원 ▶ 명상의집 ▶ 일곡삼호아파트 ▶ 서일초교 ▶ 일곡초교 ▶ 일곡사거리 ▶ 양일로입구 ▶ 원삼각마을삼일아파트 ▶ 31사단 ▶ 오치1동행정복지센터 ▶ 서산초교 ▶ 오치한전 ▶ 도로교통공단 대신파크 ▶ 우산주공1단지 ▶ 현대아파트 ▶ 문화중 ▶ 무등도서관 ▶ 말바우시장(동) ▶ 말바우시장(남) ▶ 동강대 ▶ 서방시장(북) ▶ 교육대 ▶ 풍향삼거리 ▶ 두암지구입구 ▶ 산수오거리 ▶ 법원입구 ▶ 살레시오여고 ▶ 조선대 ▶ 조선대공과대학 ▶ 남광주사거리 ▶ 조선대병원 ▶ 학동증심사입구역 ▶ 삼익세라믹 ▶ 동구문화센터 ▶ 광주남초교 ▶ 소태역 ▶ 지원2동행정복지센터입구 ▶ 녹동 ▶ 월남동
매월16,국립광주과학관,매월동(북),62,국립광주과학관 ▶ 한국생산기술연구원 ▶ 한국전자통신연구원 ▶ 과기원 ▶ 쌍암공원 ▶ 첨단1동행정복지센터 ▶ 첨단2동행정복지센터 ▶ 첨단부영아파트 ▶ 첨단호반3차아파트 ▶ 첨단생활체육공원 ▶ 보훈병원 ▶ 전자공고 ▶ 신창용수마을 ▶ 전남공고입구 ▶ 보건대입구 ▶ 반촌/마한유적체험관 ▶ 산동교 ▶ 동림푸른마을 ▶ 시립장애인복지관 ▶ 운암우미아파트 ▶ 운암중 ▶ 운암도서관 ▶ 운암벽산블루밍 ▶ 광주예술의전당 ▶ 운암시장 ▶ 경신여고 ▶ 광주기아챔피언스필드 ▶ 광주기아챔피언스필드정문 ▶ 임동한국아델리움2차 ▶ 현대자동차 ▶ 광주종합버스터미널 ▶ 기아차중문 ▶ 광명하이츠후문 ▶ 버들마을 ▶ 계수 ▶ 시청 ▶ 한국은행 ▶ 한국국토정보공사 ▶ 한국수자원공사 ▶ 농협운천지점 ▶ 상무지구입구 ▶ 운천역 ▶ 서광주세무서 ▶ 쌍촌역 ▶ 가톨릭대평생교육원 ▶ 서광주우체국 ▶ 염주사거리(서) ▶ 염주초교 ▶ 염주체육관 ▶ 월드컵경기장 ▶ 금호모아아파트 ▶ 금호도개공아파트 ▶ 서창농협 ▶ 마재종원아파트 ▶ 광주중 ▶ 동산교차로(북) ▶ 동산교차로 ▶ 동산교차로(남) ▶ 공구단지 ▶ 화훼단지 ▶ 대동고 ▶ 매월동(북),58,매월동(북) ▶ 대동고 ▶ 화훼단지 ▶ 풍암사거리(서) ▶ 광주중 ▶ 마재종원아파트 ▶ 만호초교 ▶ 서창농협 ▶ 금호도개공아파트 ▶ 금호모아아파트 ▶ 월드컵경기장 ▶ 염주체육관 ▶ 염주초교 ▶ 염주사거리(서) ▶ 서광주우체국 ▶ 가톨릭대평생교육원 ▶ 쌍촌역 ▶ 한국농어촌공사 ▶ 서광주세무서 ▶ 운천역 ▶ 상무지구입구 ▶ 상무쌍용금호아파트 ▶ 운천초교 ▶ 상무대우아파트 ▶ 시청 ▶ 계수 ▶ 버들마을 ▶ 광명하이츠후문 ▶ 기아차중문 ▶ 광주종합버스터미널 ▶ 현대자동차 ▶ 임동한국아델리움2차 ▶ 광주기아챔피언스필드정문 ▶ 광주기아챔피언스필드 ▶ 경신여고 ▶ 운암시장 ▶ 운암도서관 ▶ 운암중 ▶ 운암우미아파트 ▶ 시립장애인복지관 ▶ 동림푸른마을 ▶ 산동교 ▶ 반촌/마한유적체험관 ▶ 보건대입구 ▶ 전남공고입구 ▶ 신창용수마을 ▶ 전자공고 ▶ 보훈병원 ▶ 첨단생활체육공원 ▶ 첨단호반3차아파트 ▶ 첨단부영아파트 ▶ 첨단2동행정복지센터 ▶ 첨단1동행정복지센터 ▶ 쌍암공원 ▶ 과기원 ▶ 한국전자통신연구원 ▶ 한국생산기술연구원 ▶ 국립광주과학관
진월17,장등동,동산교차로(북),52,장등동 ▶ 도선사 ▶ 문흥지구입구(서) ▶ 문흥라인동산아파트 ▶ 문흥라인아파트 ▶ 문흥명지아파트 ▶ 문흥고가 ▶ 광주병원 ▶ 광신아파트 ▶ 문화아파트 ▶ 문화초교 ▶ 두암라인동산아파트 ▶ 대주빌라 ▶ 삼정초교 ▶ 두암주공아파트 ▶ 율곡초교 ▶ 장원초교(북) ▶ 산수2동행정복지센터 ▶ 동산아파트 ▶ 동산초교 ▶ 법원 ▶ 살레시오여고 ▶ 조선대 ▶ 조선대공과대학 ▶ 남광주역 ▶ 양림휴먼시아2차 ▶ 양림휴먼시아1차 ▶ 남광주농협 ▶ 백운광장 ▶ 호남삼육고입구 ▶ 대광여고 ▶ 진월대주아파트 ▶ 대성여고 ▶ 동성고 ▶ 송하삼익아파트 ▶ 남선산업 ▶ 송암공단입구 ▶ 송원대 ▶ 동명회.송원고 ▶ 운리마을 ▶ 풍암대주아파트 ▶ 풍암사거리(동) ▶ 마재부영아파트 ▶ 마재대주아파트 ▶ 서창농협 ▶ 만호초교 ▶ 만호마을 ▶ 무등교회 ▶ 서광주역종점 ▶ 서광주역 ▶ 동산교차로 ▶ 동산교차로(북),52,동산교차로(북) ▶ 무등교회 ▶ 만호마을 ▶ 만호초교 ▶ 서창농협 ▶ 서구문화센터 ▶ 마재대주아파트 ▶ 마재부영아파트 ▶ 풍암사거리(동) ▶ 매월종합상가입구 ▶ 운리마을 ▶ 동명회.송원고 ▶ 송원대 ▶ 송암공단입구 ▶ 남선산업 ▶ 송하삼익아파트 ▶ 광주대입구 ▶ 동성고 ▶ 대성여고 ▶ 진월대주아파트 ▶ 대광여고 ▶ 백운광장 ▶ 남광주농협 ▶ 양림휴먼시아1차 ▶ 양림휴먼시아2차 ▶ 남광주역 ▶ 조선대공과대학 ▶ 조선대 ▶ 살레시오여고 ▶ 법원 ▶ 동산초교 ▶ 동산아파트 ▶ 산수2동행정복지센터 ▶ 장원초교(북) ▶ 율곡초교 ▶ 두암주공아파트 ▶ 삼정초교 ▶ 대주빌라 ▶ 두암라인동산아파트 ▶ 문화초교 ▶ 문화아파트 ▶ 광신아파트 ▶ 광주병원 ▶ 문흥고가 ▶ 문흥명지아파트 ▶ 문흥라인아파트 ▶ 문흥라인동산아파트 ▶ 광주솔로몬로파크 ▶ 문흥지구입구(동) ▶ 도동고개 ▶ 도선사 ▶ 장등동
문흥18,장등동,진곡산단,58,장등동 ▶ 도선사 ▶ 문흥지구입구(서) ▶ 문흥금호아파트 ▶ 문산중 ▶ 문흥1동행정복지센터 ▶ 샛터코아 ▶ 문흥명지아파트 ▶ 문흥고가 ▶ 광주병원 ▶ 문화중 ▶ 현대아파트 ▶ 우산주공1단지 ▶ 전남대공과대학 ▶ 전남대스포츠센터 ▶ 효동초교입구 ▶ 광주역육교 ▶ 전남대사거리(동) ▶ 용봉초교 ▶ 신안교 ▶ 광주지방기상청 ▶ 경신여고 ▶ 운암시장 ▶ 운암도서관 ▶ 운암초교 ▶ 서영대 ▶ 동천우미린아파트 ▶ 동천마을3단지 ▶ 동천마을1단지 ▶ 동림I.C입구 ▶ 광신대교 ▶ 풍영정입구 ▶ 극락강역입구 ▶ 신가동 ▶ 목련마을 ▶ 목련마을6단지 ▶ 운남삼성아파트 ▶ 광산구노인복지관 ▶ 영천초교 ▶ 월곡시장 ▶ 월곡일신아파트 ▶ 하남중 ▶ 역산공원입구 ▶ 산정중입구 ▶ 산정초교 ▶ 다사로움1차아파트 ▶ 하남2지구 ▶ 하남1교 ▶ 하남3지구모아엘가 ▶ 광산소방서입구 ▶ 세방전지 ▶ 한국자동차연구원 ▶ 현대위아 ▶ RTM ▶ 수호 ▶ LG전자광주물류센터 ▶ 케이엔 ▶ 진곡산단,62,진곡산단 ▶ 케이엔 ▶ LG전자광주물류센터 ▶ 수호 ▶ RTM ▶ 현대위아 ▶ 한국자동차연구원 ▶ 세방전지 ▶ 광산소방서입구 ▶ 하남3지구모아엘가 ▶ 하남1교 ▶ 하남2지구 ▶ 다사로움1차아파트 ▶ 산정초교 ▶ 산정중입구 ▶ 하남중 ▶ 월곡일신아파트 ▶ 월곡시장 ▶ 영천초교 ▶ 광산구노인복지관 ▶ 운남삼성아파트 ▶ 목련마을6단지 ▶ 목련마을 ▶ 신가동 ▶ 극락강역입구 ▶ 풍영정입구 ▶ 광신대교 ▶ 동림I.C입구 ▶ 동천마을1단지 ▶ 동천마을3단지 ▶ 동천우미린아파트 ▶ 서영대 ▶ 운암초교 ▶ 운암도서관 ▶ 운암벽산블루밍 ▶ 광주예술의전당 ▶ 운암시장 ▶ 경신여고 ▶ 광주지방기상청 ▶ 신안교 ▶ 용봉초교 ▶ 전남대사거리(동) ▶ 중흥삼거리 ▶ 효동초교입구 ▶ 북구차량등록민원실 ▶ 전남대스포츠센터 ▶ 전남대공과대학 ▶ 우산주공1단지 ▶ 현대아파트 ▶ 문화중 ▶ 광주병원 ▶ 문흥고가 ▶ 문흥명지아파트 ▶ 샛터코아 ▶ 문흥1동행정복지센터 ▶ 문산중 ▶ 문흥금호아파트 ▶ 광주솔로몬로파크 ▶ 문흥지구입구(동) ▶ 도동고개 ▶ 도선사 ▶ 장등동
송정19,도산동,장등동,60,도산동 ▶ 도산파출소 ▶ 공군부대 ▶ 공군부대후문 ▶ 송정호반아파트 ▶ 도산동행정복지센터 ▶ 송정초교 ▶ 금강1길 ▶ 광주송정역 ▶ 광산구청 ▶ 영광통 ▶ 송정공원역 ▶ 송정파출소(북) ▶ 공항역 ▶ 장암마을 ▶ 서창입구 ▶ 월암 ▶ 김대중컨벤션센터(마륵)역 ▶ 전남고입구 ▶ 상무역 ▶ 상무지구입구 ▶ 운천역 ▶ 서광주세무서 ▶ 쌍촌역 ▶ 잿등 ▶ 화정역 ▶ 서석고 ▶ 서구청 ▶ 서광주한전 ▶ 돌고개역(동) ▶ 양동시장역(남) ▶ 양동교차로 ▶ 광주일고.광주고용센터 ▶ 롯데백화점 ▶ 대인광장(북) ▶ 중흥시장 ▶ 광주역(동) ▶ 중흥초교 ▶ 4.19기념관 ▶ 서방사거리육교 ▶ 서방시장(남) ▶ 동강대 ▶ 말바우시장(서) ▶ 동부시장 ▶ 북구청 ▶ 전남대동문 ▶ 전남대공과대학 ▶ 성산맨션 ▶ 도로교통공단 대신파크 ▶ 오치한전 ▶ 용봉중 ▶ 자연과학고 ▶ 샛터코아 ▶ 문흥라인아파트 ▶ 문흥라인동산아파트 ▶ 광주솔로몬로파크 ▶ 문흥지구입구(동) ▶ 도동고개 ▶ 도선사 ▶ 장등동,59,장등동 ▶ 도선사 ▶ 문흥지구입구(서) ▶ 문흥라인동산아파트 ▶ 문흥라인아파트 ▶ 문흥중 ▶ 자연과학고 ▶ 용봉중 ▶ 오치한전 ▶ 도로교통공단 대신파크 ▶ 전남대공과대학 ▶ 전남대동문 ▶ 북구청 ▶ 동부시장 ▶ 말바우시장(서) ▶ 말바우시장(남) ▶ 동강대 ▶ 서방시장(남) ▶ 서방사거리육교 ▶ 4.19기념관 ▶ 중흥초교 ▶ 삼성콜센터 ▶ 중흥시장 ▶ 대인광장(북) ▶ 롯데백화점 ▶ 광주일고.광주고용센터 ▶ 양동교차로 ▶ 양동시장역(남) ▶ 돌고개역(동) ▶ 돌고개역(서) ▶ 서구청 ▶ 농성SK뷰 ▶ 서석고 ▶ 화정역 ▶ 잿등 ▶ 쌍촌역 ▶ 한국농어촌공사 ▶ 서광주세무서 ▶ 운천역 ▶ 상무지구입구 ▶ 상무역 ▶ 전남고입구 ▶ 김대중컨벤션센터(마륵)역 ▶ 월암 ▶ 서창입구 ▶ 장암마을 ▶ 공항역 ▶ 송정파출소(북) ▶ 송정공원역 ▶ 영광통 ▶ 광산구청 ▶ 광주송정역(동) ▶ 금강1길 ▶ 송정초교 ▶ 도산동행정복지센터 ▶ 송정호반아파트 ▶ 공군부대후문 ▶ 공군부대 ▶ 도산동
첨단20,첨단종점,월드컵경기장,68,첨단종점 ▶ 고내입구 ▶ 대촌마을입구 ▶ 대촌마을 ▶ 은혜학교 ▶ 앰코코리아 ▶ 첨단삼성전자 ▶ 폭스존 ▶ 우편집중국 ▶ 농산물품질관리원 ▶ 첨단우리은행 ▶ 첨단사거리 ▶ 첨단라인아파트 ▶ 첨단초교 ▶ 첨단금호아파트 ▶ 신동아아파트 ▶ 동원촌 ▶ 비아농협 ▶ 비아호반아파트 ▶ 비아119안전센터(북) ▶ 비아119안전센터(서) ▶ 비아중흥아파트 ▶ 도촌교 ▶ 안청 ▶ 안청농협 ▶ 하남철강 ▶ 도현 ▶ 진곡 동길 ▶ 오선동 ▶ 한국알프스 ▶ 호남샤니 ▶ 하남산단5번로 교차로 ▶ 하남산단4번로삼거리 ▶ 신성화학 ▶ 정우화학 ▶ 단전 ▶ 하남초교(북) ▶ 광산세무서 ▶ 흑석사거리(서) ▶ 흑석사거리(남) ▶ 영천마을9단지 ▶ 월곡시장 ▶ 월곡일신아파트 ▶ 어등초교 ▶ 광산중 ▶ 상수도광산요금센터 ▶ 대덕훼미리아파트 ▶ 우산동중흥S클래스 ▶ 아리랑고개 ▶ 송정IC ▶ 송정파출소(남) ▶ 공항역 ▶ 장암마을 ▶ 서창입구 ▶ 월암 ▶ 김대중컨벤션센터(마륵)역 ▶ 전남고입구 ▶ 상무역 ▶ 상무지구입구 ▶ 운천저수지 ▶ 상무중 ▶ 광주학생독립운동기념관 ▶ 쌍촌시영아파트 ▶ 종합건설본부 ▶ 염주사거리(서) ▶ 염주초교 ▶ 염주체육관 ▶ 월드컵경기장,67,월드컵경기장 ▶ 염주체육관 ▶ 염주초교 ▶ 염주사거리(서) ▶ 쌍촌시영아파트 ▶ 광주학생독립운동기념관 ▶ 치평중 ▶ 상무중 ▶ 운천저수지 ▶ 상무지구입구 ▶ 상무역 ▶ 전남고입구 ▶ 김대중컨벤션센터(마륵)역 ▶ 월암 ▶ 서창입구 ▶ 장암마을 ▶ 공항역 ▶ 송정IC ▶ 아리랑고개 ▶ 우산동중흥S클래스 ▶ 대덕훼미리아파트 ▶ 상수도광산요금센터 ▶ 광산중 ▶ 어등초교 ▶ 월곡일신아파트 ▶ 월곡시장 ▶ 영천마을9단지 ▶ 흑석사거리(서) ▶ 광산세무서 ▶ 하남초교(북) ▶ 단전 ▶ 광산소방서입구 ▶ 정우화학 ▶ 신성화학 ▶ 하남산단4번로삼거리 ▶ 하남산단5번로 교차로 ▶ 호남샤니 ▶ 한국알프스 ▶ 오선동 ▶ 진곡 동길 ▶ 도현 ▶ 하남철강 ▶ 안청농협 ▶ 안청 ▶ 도촌교 ▶ 비아중흥아파트 ▶ 비아119안전센터(서) ▶ 비아119안전센터(북) ▶ 비아호반아파트 ▶ 비아농협 ▶ 동원촌 ▶ 신동아아파트 ▶ 비아고 ▶ 첨단금호아파트 ▶ 첨단초교 ▶ 첨단라인아파트 ▶ 첨단사거리 ▶ 첨단우리은행 ▶ 농산물품질관리원 ▶ 우편집중국 ▶ 폭스존 ▶ 첨단삼성전자 ▶ 앰코코리아 ▶ 은혜학교 ▶ 대촌마을 ▶ 대촌마을입구 ▶ 첨단종점
첨단22,첨단종점,동산교차로(북),43,첨단종점 ▶ 고내입구 ▶ 대촌마을입구 ▶ 대촌마을 ▶ 은혜학교 ▶ 앰코코리아 ▶ 첨단삼성전자 ▶ 폭스존 ▶ 우편집중국 ▶ 농산물품질관리원 ▶ 첨단2동행정복지센터 ▶ 무양서원입구 ▶ 남부대 ▶ 전자공고 ▶ 보훈병원 ▶ 첨단휴먼시아 ▶ 신용초등학교 ▶ 빛고을고입구 ▶ 신용중입구 ▶ 첨단2호반아파트 ▶ 첨단과학산업단지 ▶ 동천마을1단지 ▶ 동천마을3단지 ▶ 동천동행정복지센터 ▶ 칠성마을사거리 ▶ 유덕초교 ▶ 상무호반3차 ▶ 모아제일아파트 ▶ 5.18기념문화센터 ▶ 시청 ▶ 한국은행 ▶ 한국국토정보공사 ▶ 한국수자원공사 ▶ 농협운천지점 ▶ 상무역(남) ▶ 희망가아파트 ▶ 자활촌입구 ▶ 금호저수지입구 ▶ 무등교회 ▶ 서광주역종점 ▶ 서광주역 ▶ 동산교차로 ▶ 동산교차로(북),43,동산교차로(북) ▶ 무등교회 ▶ 금호저수지입구 ▶ 자활촌입구 ▶ 희망가아파트 ▶ 상무역(남) ▶ 농협운천지점 ▶ 한국수자원공사 ▶ 한국국토정보공사 ▶ 한국은행 ▶ 시청 ▶ 5.18기념문화센터 ▶ 모아제일아파트 ▶ 상무호반3차 ▶ 유덕초교 ▶ 칠성마을사거리 ▶ 동천동행정복지센터 ▶ 동천마을3단지 ▶ 동천마을1단지 ▶ 신수교 ▶ 연제외촌입구 ▶ 빛고을로입구 ▶ 첨단과학산업단지 ▶ 첨단2호반아파트 ▶ 신용중입구 ▶ 빛고을고입구 ▶ 신용초등학교 ▶ 첨단휴먼시아 ▶ 보훈병원 ▶ 전자공고 ▶ 남부대 ▶ 무양서원입구 ▶ 첨단2동행정복지센터 ▶ 첨단우리은행 ▶ 농산물품질관리원 ▶ 우편집중국 ▶ 폭스존 ▶ 첨단삼성전자 ▶ 앰코코리아 ▶ 은혜학교 ▶ 대촌마을 ▶ 대촌마을입구 ▶ 첨단종점
첨단23,장등동,국립광주과학관,42,장등동 ▶ 도선사입구 ▶ 힐스테이트 각화 ▶ 각화중 ▶ 각화초교 ▶ 각화금호아파트 ▶ 동광주IC입구 ▶ 농산물공판장 ▶ 문흥지구입구(서) ▶ 문흥라인동산아파트 ▶ 문흥라인아파트 ▶ 문흥중 ▶ 자연과학고 ▶ 용봉중 ▶ 오치주공 ▶ 북부경찰서 ▶ 광주공고입구 ▶ 고려고 ▶ 삼각그린타운 ▶ 국제고 ▶ 향토음식박물관 ▶ 오비맥주 ▶ 코카콜라 ▶ 롯데칠성 ▶ 북구문화센터/KT&G광주공장 ▶ 양산호수공원 ▶ 양산초교입구 ▶ 양산타운 ▶ 용두주공 ▶ 복룡입구 ▶ 교통공원 ▶ 우편집중국 ▶ 농산물품질관리원 ▶ 첨단우리은행 ▶ 첨단사거리 ▶ 첨단라인아파트 ▶ 첨단초교 ▶ 첨단금호아파트 ▶ 과기원 ▶ 한국전자통신연구원 ▶ 한국생산기술연구원 ▶ 국립광주과학관,42,국립광주과학관 ▶ 한국생산기술연구원 ▶ 한국전자통신연구원 ▶ 과기원 ▶ 첨단금호아파트 ▶ 첨단초교 ▶ 첨단라인아파트 ▶ 첨단사거리 ▶ 첨단우리은행 ▶ 농산물품질관리원 ▶ 우편집중국 ▶ 교통공원 ▶ 복룡입구 ▶ 용두주공 ▶ 양산타운 ▶ 양산초교입구 ▶ 양산호수공원 ▶ 북구문화센터/KT&G광주공장 ▶ 롯데칠성 ▶ 코카콜라 ▶ 오비맥주 ▶ 향토음식박물관 ▶ 국제고 ▶ 삼각그린타운 ▶ 고려고 ▶ 광주공고입구 ▶ 북부경찰서 ▶ 오치주공 ▶ 용봉중 ▶ 자연과학고 ▶ 샛터코아 ▶ 문흥라인아파트 ▶ 문흥라인동산아파트 ▶ 광주솔로몬로파크 ▶ 문흥지구입구(남) ▶ 농산물공판장 ▶ 각화금호아파트 ▶ 각화중 ▶ 힐스테이트 각화 ▶ 보광사 ▶ 도선사 ▶ 장등동
지원25,월남동,서광주역종점,49,월남동 ▶ 주남 ▶ 녹동 ▶ 지원화훼단지 ▶ 지원2동행정복지센터입구 ▶ 소태역 ▶ 광주남초교 ▶ 동구문화센터 ▶ 삼익세라믹 ▶ 학동증심사입구역 ▶ 조선대병원 ▶ 남광주역 ▶ 양림휴먼시아2차 ▶ 양림휴먼시아1차 ▶ 남광주농협 ▶ 주월주택단지 ▶ 신우아파트 ▶ 월산5동 ▶ 월산4동 ▶ 건강협회 ▶ 상공회의소 ▶ 화정중흥파크 ▶ 신세계백화점 ▶ 광주종합버스터미널 ▶ 기아차정문 ▶ 광천E편한세상 ▶ 진성아파트 ▶ 삼우아파트 ▶ 광천동 ▶ 칠성마을 ▶ 유덕초교 ▶ 버들마을 ▶ 계수 ▶ 시청 ▶ 한국은행 ▶ 한국국토정보공사 ▶ 한국수자원공사 ▶ 농협운천지점 ▶ 상무역 ▶ 전남고입구 ▶ 전남고 ▶ 상무금호아파트 ▶ 상무해광한신아파트 ▶ 상무시민공원 ▶ 보훈회관(서) ▶ 서창사거리 ▶ 서창농협벽진지점 ▶ 다사랑병원 ▶ 서광주역종점,49,서광주역종점 ▶ 서광주역 ▶ 동산교차로 ▶ 동산교차로(북) ▶ 다사랑병원 ▶ 서창농협벽진지점 ▶ 서창사거리 ▶ 보훈회관(서) ▶ 상무시민공원 ▶ 상무해광한신아파트 ▶ 상무금호아파트 ▶ 전남고 ▶ 상무역(북) ▶ 농협운천지점 ▶ 한국수자원공사 ▶ 한국국토정보공사 ▶ 한국은행 ▶ 시청 ▶ 극락초교 ▶ 버들주공1단지 ▶ 칠성마을 ▶ 광천동 ▶ 삼우아파트 ▶ 진성아파트 ▶ 광천E편한세상 ▶ 기아차정문 ▶ 광주종합버스터미널 ▶ 신세계백화점 ▶ 화정중흥파크 ▶ 상공회의소 ▶ 건강협회 ▶ 월산4동 ▶ 월산5동 ▶ 신우아파트 ▶ 주월주택단지 ▶ 남광주농협 ▶ 양림휴먼시아1차 ▶ 양림휴먼시아2차 ▶ 남광주역 ▶ 남광주사거리 ▶ 조선대병원 ▶ 학동증심사입구역 ▶ 삼익세라믹 ▶ 동구문화센터 ▶ 광주남초교 ▶ 소태역 ▶ 지원2동행정복지센터입구 ▶ 녹동 ▶ 월남동
매월26,매월동(북),용전,49,매월동(북) ▶ 대동고 ▶ 화훼단지 ▶ 공구단지 ▶ 풍암사거리(동) ▶ 마재부영아파트 ▶ 마재대주아파트 ▶ 서구문화센터 ▶ 금호도개공아파트 ▶ 금호모아아파트 ▶ 월드컵경기장 ▶ 염주체육관 ▶ 염주초교 ▶ 염주사거리(동) ▶ 염주맨션 ▶ 화정중 ▶ 광주광역시교육청(광덕고) ▶ 화정사거리 ▶ 화정현대아파트 ▶ 기아자동차 ▶ 광주종합버스터미널 ▶ 광천치안센터 ▶ 제2광천교 ▶ 경신여고 ▶ 광주지방기상청 ▶ 신안교 ▶ 용봉초교 ▶ 전남대 ▶ 전대치과병원 ▶ 용봉2휴먼시아아파트 ▶ 신안교입구 ▶ 유창아파트 ▶ 용주초교 ▶ 오치초교 ▶ 광주공고입구 ▶ 고려고 ▶ 삼각그린타운 ▶ 국제고 ▶ 일곡사거리 ▶ 일곡초교 ▶ 서일초교 ▶ 일곡삼호아파트 ▶ 광주교도소 ▶ 명상의집 ▶ 우치공원 ▶ 생룡 ▶ 지산마을 ▶ 용전사거리(남) ▶ 용전,50,용전 ▶ 용전사거리(남) ▶ 지산마을 ▶ 생룡 ▶ 우치공원 ▶ 명상의집 ▶ 광주교도소 ▶ 일곡삼호아파트 ▶ 서일초교 ▶ 일곡초교 ▶ 일곡사거리 ▶ 국제고 ▶ 삼각그린타운 ▶ 고려고 ▶ 광주공고입구 ▶ 오치초교 ▶ 용주초교 ▶ 유창아파트 ▶ 신안교입구 ▶ 용봉2휴먼시아아파트 ▶ 전대치과병원 ▶ 전남대 ▶ 전남대사거리(서) ▶ 용봉초교 ▶ 신안교 ▶ 광주지방기상청 ▶ 경신여고 ▶ 제2광천교 ▶ 광천치안센터 ▶ 광주종합버스터미널 ▶ 기아자동차 ▶ 화정현대아파트 ▶ 화정사거리 ▶ 광주광역시교육청(광덕고) ▶ 화정중 ▶ 염주맨션 ▶ 염주사거리(동) ▶ 염주초교 ▶ 염주체육관 ▶ 월드컵경기장 ▶ 금호모아아파트 ▶ 금호도개공아파트 ▶ 서구문화센터 ▶ 마재대주아파트 ▶ 마재부영아파트 ▶ 풍암사거리(동) ▶ 공구단지 ▶ 화훼단지 ▶ 대동고 ▶ 매월동(북)
봉선27,첨단종점,용산지구,68,첨단종점 ▶ 고내입구 ▶ 대촌마을입구 ▶ 한국광기술원 ▶ 산업인력공단사거리 ▶ 구신한포토닉스 ▶ 정부광주지방합동청사입구 ▶ 광주교통방송 ▶ 첨단초교후문 ▶ 월계중 ▶ 첨단도서관 ▶ 첨단라인8차아파트 ▶ 산월초교입구 ▶ 방송통신대 ▶ 무양서원 ▶ 봉산중 ▶ 보훈병원후문 ▶ 보훈병원 ▶ 전자공고 ▶ 신창용수마을 ▶ 전남공고입구 ▶ 보건대입구 ▶ 반촌/마한유적체험관 ▶ 산동교 ▶ 동림푸른마을 ▶ 시립장애인복지관 ▶ 운암우미아파트 ▶ 운암중 ▶ 운암도서관 ▶ 운암벽산블루밍 ▶ 광주예술의전당 ▶ 운암시장 ▶ 경신여고 ▶ 광주지방기상청 ▶ 신안교 ▶ 용봉초교 ▶ 전남대사거리(동) ▶ 중흥삼거리 ▶ 효동초교입구 ▶ 북구차량등록민원실 ▶ 북구청 ▶ 동부시장 ▶ 말바우시장(서) ▶ 동강대후문 ▶ 청명아파트 ▶ 덕산아파트 ▶ 두암주공입구 ▶ 교대금호어울림 ▶ 풍향시장 ▶ 두암지구입구 ▶ 산수오거리 ▶ 법원입구 ▶ 살레시오여고 ▶ 조선대 ▶ 조선대공과대학 ▶ 남광주역 ▶ 양림휴먼시아2차 ▶ 양림휴먼시아1차 ▶ 남광주농협 ▶ 남구청 ▶ 주월중입구 ▶ 봉선라인아파트 ▶ 봉선삼익아파트(남) ▶ 봉선2동행정복지센터 ▶ 남구문화예술회관 ▶ 용산지구대성베르힐 ▶ 용산지구모아엘가에듀파크 ▶ 용산지구,65,용산지구 ▶ 용산지구모아엘가에듀파크 ▶ 용산지구대성베르힐 ▶ 남구문화예술회관 ▶ 봉선2동행정복지센터 ▶ 봉선삼익아파트(남) ▶ 봉선라인아파트 ▶ 봉선대화아파트 ▶ 주월중입구 ▶ 남구청 ▶ 남광주농협 ▶ 양림휴먼시아1차 ▶ 양림휴먼시아2차 ▶ 남광주역 ▶ 조선대공과대학 ▶ 조선대 ▶ 살레시오여고 ▶ 법원입구 ▶ 산수오거리 ▶ 두암지구입구 ▶ 풍향시장 ▶ 교대금호어울림 ▶ 두암주공입구 ▶ 덕산아파트 ▶ 청명아파트 ▶ 동강대후문 ▶ 말바우시장(서) ▶ 동부시장 ▶ 북구청 ▶ 효동초교입구 ▶ 광주역육교 ▶ 전남대사거리(동) ▶ 용봉초교 ▶ 신안교 ▶ 광주지방기상청 ▶ 경신여고 ▶ 운암시장 ▶ 운암도서관 ▶ 운암중 ▶ 운암우미아파트 ▶ 시립장애인복지관 ▶ 동림푸른마을 ▶ 산동교 ▶ 반촌/마한유적체험관 ▶ 보건대입구 ▶ 전남공고입구 ▶ 신창용수마을 ▶ 전자공고 ▶ 보훈병원 ▶ 보훈병원후문 ▶ 봉산중 ▶ 무양서원 ▶ 방송통신대 ▶ 산월초교입구 ▶ 첨단라인8차아파트 ▶ 첨단도서관 ▶ 월계중 ▶ 첨단초교후문 ▶ 광주교통방송 ▶ 정부광주지방합동청사입구 ▶ 구신한포토닉스 ▶ 산업인력공단사거리 ▶ 한국광기술원 ▶ 대촌마을입구 ▶ 첨단종점
일곡28,매월동(북),살레시오고/교통문화연수원,60,매월동(북) ▶ 대동고 ▶ 화훼단지 ▶ 공구단지 ▶ 매월종합상가입구 ▶ 운리마을 ▶ 동명회.송원고 ▶ 송원대 ▶ 송암공단입구 ▶ 남선산업 ▶ 송하삼익아파트 ▶ 광주대입구 ▶ 동성고 ▶ 대성여고 ▶ 진월대주아파트 ▶ 대광여고 ▶ 백운광장 ▶ 남구청 ▶ 주월중입구 ▶ 봉선대화아파트 ▶ 구남구청 ▶ 조봉초교 ▶ 봉선삼익아파트(남) ▶ 봉선삼익사거리 ▶ 모아2차아파트 ▶ 라인효친 ▶ 송림주택 ▶ 방림삼거리 ▶ 학림교 ▶ 남광주역 ▶ 조선대공과대학 ▶ 조선대 ▶ 살레시오여고 ▶ 법원입구 ▶ 산수오거리 ▶ 두암지구입구 ▶ 풍향시장 ▶ 교대금호어울림 ▶ 두암주공입구 ▶ 덕산아파트 ▶ 청명아파트 ▶ 동강대후문 ▶ 말바우시장(서) ▶ 동부시장 ▶ 북구청 ▶ 전남대동문 ▶ 전남대공과대학 ▶ 성산맨션 ▶ 도로교통공단 대신파크 ▶ 오치한전 ▶ 서산초교 ▶ 오치1동행정복지센터 ▶ 31사단 ▶ 원삼각마을삼일아파트 ▶ 월산(삼각동) ▶ 일곡청솔4차아파트 ▶ 일곡현대3차아파트 ▶ 유격훈련장 ▶ 살레시오고입구 ▶ 살레시오고/교통문화연수원,60,살레시오고/교통문화연수원 ▶ 살레시오고입구 ▶ 유격훈련장 ▶ 일곡현대3차아파트 ▶ 일곡청솔4차아파트 ▶ 월산(삼각동) ▶ 양일로입구 ▶ 원삼각마을삼일아파트 ▶ 31사단 ▶ 오치1동행정복지센터 ▶ 서산초교 ▶ 오치한전 ▶ 도로교통공단 대신파크 ▶ 전남대공과대학 ▶ 전남대동문 ▶ 북구청 ▶ 동부시장 ▶ 말바우시장(서) ▶ 동강대후문 ▶ 청명아파트 ▶ 덕산아파트 ▶ 두암주공입구 ▶ 교대금호어울림 ▶ 풍향시장 ▶ 두암지구입구 ▶ 산수오거리 ▶ 법원입구 ▶ 살레시오여고 ▶ 조선대 ▶ 조선대공과대학 ▶ 남광주역 ▶ 학림교 ▶ 방림삼거리 ▶ 송림주택 ▶ 라인효친 ▶ 모아2차아파트 ▶ 봉선삼익사거리 ▶ 봉선삼익아파트(남) ▶ 조봉초교 ▶ 구남구청 ▶ 봉선대화아파트 ▶ 주월중입구 ▶ 남구청 ▶ 백운광장 ▶ 호남삼육고입구 ▶ 대광여고 ▶ 진월대주아파트 ▶ 대성여고 ▶ 동성고 ▶ 송하삼익아파트 ▶ 남선산업 ▶ 송암공단입구 ▶ 송원대 ▶ 동명회.송원고 ▶ 운리마을 ▶ 풍암대주아파트 ▶ 공구단지 ▶ 화훼단지 ▶ 대동고 ▶ 매월동(북)
송정29,도산동,살레시오고/교통문화연수원,57,도산동 ▶ 도산파출소 ▶ 도산역 ▶ 신동사거리 ▶ 광주송정역 ▶ 광산구청 ▶ 영광통 ▶ 송정공원역 ▶ 송정파출소(북) ▶ 송정IC ▶ 아리랑고개 ▶ 소촌금호아파트 ▶ 광산중 ▶ 어등초교 ▶ 월곡일신아파트 ▶ 월곡시장 ▶ 영천초교 ▶ 광산구노인복지관 ▶ 운남삼성아파트 ▶ 목련마을6단지 ▶ 목련마을 ▶ 신가동 ▶ 신가사거리 ▶ 신가주공아파트 ▶ 신가우미아파트 ▶ 신가중 ▶ 신창동우체국 ▶ 신창중 ▶ 신창초교 ▶ 신창용수마을 ▶ 전남공고입구 ▶ 보건대입구 ▶ 반촌/마한유적체험관 ▶ 산동교 ▶ 동림푸른마을 ▶ 시립장애인복지관 ▶ 운암우미아파트 ▶ 운암중 ▶ 운암도서관 ▶ 광주예술의전당후문 ▶ 체육고.폴리텍대학 ▶ 국립광주박물관 ▶ 시립역사민속박물관 ▶ 용봉쌍용아파트 ▶ 중외마을 ▶ 용봉주공 ▶ 광주공고입구 ▶ 고려고 ▶ 삼각그린타운 ▶ 국제고 ▶ 일곡사거리 ▶ 일곡초교 ▶ 서일초교 ▶ 일곡삼호아파트 ▶ 광주교도소 ▶ 살레시오고입구 ▶ 살레시오고/교통문화연수원,55,살레시오고/교통문화연수원 ▶ 살레시오고입구 ▶ 일곡삼호아파트 ▶ 서일초교 ▶ 일곡초교 ▶ 일곡사거리 ▶ 국제고 ▶ 삼각그린타운 ▶ 고려고 ▶ 광주공고입구 ▶ 중외마을 ▶ 용봉쌍용아파트 ▶ 시립역사민속박물관 ▶ 국립광주박물관 ▶ 체육고.폴리텍대학 ▶ 운암도서관 ▶ 운암중 ▶ 운암우미아파트 ▶ 시립장애인복지관 ▶ 동림푸른마을 ▶ 산동교 ▶ 반촌/마한유적체험관 ▶ 보건대입구 ▶ 전남공고입구 ▶ 신창용수마을 ▶ 신창초교 ▶ 신창중 ▶ 신창동우체국 ▶ 신가중 ▶ 신가우미아파트 ▶ 신가주공아파트 ▶ 신가사거리 ▶ 극락강역입구 ▶ 신가동 ▶ 목련마을 ▶ 목련마을6단지 ▶ 운남삼성아파트 ▶ 광산구노인복지관 ▶ 영천초교 ▶ 월곡시장 ▶ 월곡일신아파트 ▶ 어등초교 ▶ 광산중 ▶ 소촌금호아파트 ▶ 아리랑고개 ▶ 송정IC ▶ 송정파출소(북) ▶ 송정공원역 ▶ 영광통 ▶ 광산구청 ▶ 광주송정역 ▶ 신동사거리 ▶ 도산역 ▶ 도산파출소 ▶ 도산동
첨단30,국립광주과학관,운암산코오롱하늘채아파트,59,국립광주과학관 ▶ 한국생산기술연구원 ▶ 한국전자통신연구원 ▶ 과기원 ▶ 쌍암공원 ▶ 첨단1동행정복지센터 ▶ 첨단2동행정복지센터 ▶ 무양서원입구 ▶ 남부대 ▶ 전자공고 ▶ 보훈병원 ▶ 첨단생활체육공원 ▶ 첨단롯데마트 ▶ 교통공원 ▶ 복룡입구 ▶ 용두주공 ▶ 양산타운 ▶ 광주은행양산동지점 ▶ 양산택지사거리 ▶ 양지초교 ▶ 동아제약 ▶ 양산호수공원 ▶ 북구문화센터/KT&G광주공장 ▶ 롯데칠성 ▶ 코카콜라 ▶ 오비맥주 ▶ 향토음식박물관 ▶ 국제고 ▶ 삼각그린타운 ▶ 고려고 ▶ 광주공고입구 ▶ 오치초교 ▶ 용주초교 ▶ 유창아파트 ▶ 신안교입구 ▶ 용봉2휴먼시아아파트 ▶ 전대치과병원 ▶ 전남대 ▶ 신안사거리 ▶ 광주역 ▶ 유동사거리 ▶ 양동교차로 ▶ 양동시장역(북) ▶ 돌고개역(동) ▶ 서광주전화국 ▶ 농성1동행정복지센터 ▶ 광천초교 ▶ 현대자동차 ▶ 광주종합버스터미널 ▶ 기아차정문 ▶ 광천E편한세상 ▶ 진성아파트 ▶ 삼우아파트 ▶ 광천동 ▶ 칠성마을 ▶ 동천동행정복지센터 ▶ 동림교 ▶ 동림삼익아파트 ▶ 운암산코오롱하늘채아파트,60,운암산코오롱하늘채아파트 ▶ 동림삼익아파트 ▶ 동림교 ▶ 동천동행정복지센터 ▶ 칠성마을 ▶ 광천동 ▶ 삼우아파트 ▶ 진성아파트 ▶ 광천E편한세상 ▶ 기아차정문 ▶ 광주종합버스터미널 ▶ 현대자동차 ▶ 광천초교 ▶ 농성1동행정복지센터 ▶ 서광주전화국 ▶ 돌고개역(동) ▶ 양동시장역(북) ▶ 양동교차로 ▶ 유동사거리 ▶ 엔씨백화점 ▶ 광주역 ▶ 신안사거리 ▶ 전남대 ▶ 전대치과병원 ▶ 용봉2휴먼시아아파트 ▶ 신안교입구 ▶ 유창아파트 ▶ 용주초교 ▶ 오치초교 ▶ 광주공고입구 ▶ 고려고 ▶ 삼각그린타운 ▶ 국제고 ▶ 향토음식박물관 ▶ 오비맥주 ▶ 코카콜라 ▶ 롯데칠성 ▶ 북구문화센터/KT&G광주공장 ▶ 양산호수공원 ▶ 동아제약 ▶ 양지초교 ▶ 양산택지사거리 ▶ 광주은행양산동지점 ▶ 양산타운 ▶ 용두주공 ▶ 복룡입구 ▶ 교통공원 ▶ 첨단롯데마트 ▶ 첨단생활체육공원 ▶ 보훈병원 ▶ 전자공고 ▶ 남부대 ▶ 무양서원입구 ▶ 첨단2동행정복지센터 ▶ 첨단1동행정복지센터 ▶ 쌍암공원 ▶ 과기원 ▶ 한국전자통신연구원 ▶ 한국생산기술연구원 ▶ 국립광주과학관
송암31,송암공단,천교,31,송암공단 ▶ 송원대 ▶ 송암공단입구 ▶ 남선산업 ▶ 송하삼익아파트 ▶ 광주대입구 ▶ 동성고 ▶ 대성여고 ▶ 진월대주아파트 ▶ 대광여고 ▶ 백운광장 ▶ 주월주택단지 ▶ 신우아파트 ▶ 월산5동 ▶ 월산마을입구 ▶ 월산마을 ▶ 주월초교 ▶ 화정중 ▶ 광주광역시교육청(광덕고) ▶ 화정사거리 ▶ 화정현대아파트 ▶ 기아자동차 ▶ 광주종합버스터미널 ▶ 현대자동차 ▶ 광천초교 ▶ 농성1동행정복지센터 ▶ 서광주전화국 ▶ 돌고개역(동) ▶ 양동시장역(북) ▶ 양동복개쇼핑센터 ▶ 천교,31,천교 ▶ 양동복개쇼핑센터 ▶ 양동시장역(북) ▶ 돌고개역(동) ▶ 서광주전화국 ▶ 농성1동행정복지센터 ▶ 광천초교 ▶ 현대자동차 ▶ 광주종합버스터미널 ▶ 기아자동차 ▶ 화정현대아파트 ▶ 화정사거리 ▶ 광주광역시교육청(광덕고) ▶ 화정중 ▶ 주월초교 ▶ 월산마을 ▶ 월산마을입구 ▶ 월산5동 ▶ 신우아파트 ▶ 주월주택단지 ▶ 백운광장 ▶ 호남삼육고입구 ▶ 대광여고 ▶ 진월대주아파트 ▶ 대성여고 ▶ 동성고 ▶ 송하삼익아파트 ▶ 남선산업 ▶ 송암공단입구 ▶ 송원대 ▶ 송암공단
송정33,도산동,비엔날레주차장,58,도산동 ▶ 도산파출소 ▶ 도산역 ▶ 신동사거리 ▶ 광주송정역 ▶ 광산구청 ▶ 영광통 ▶ 송정공원역 ▶ 송정파출소(북) ▶ 송정IC ▶ 아리랑고개 ▶ 우산동중흥S클래스 ▶ 대덕훼미리아파트 ▶ 상수도광산요금센터 ▶ 우산리버힐아파트 ▶ 우산빛여울채아파트(동) ▶ 광주여대 ▶ 역산공원입구 ▶ 산정중입구 ▶ 하남홈플러스 ▶ 흑석사거리(서) ▶ 흑석사거리(동) ▶ 목련마을8단지 ▶ 수완중흥S-클래스 1차 ▶ 광주농수산물유통센터(북) ▶ 수완모아엘가 ▶ 수완현진에버빌1차 ▶ 수완우미린2차 ▶ 도촌제 ▶ 도천저수지 ▶ 응암공원 ▶ 첨단초교 ▶ 첨단초교후문 ▶ 쌍암공원 ▶ 과기원 ▶ 광주디자인진흥원 ▶ 첨단병원입구 ▶ 농산물품질관리원 ▶ 우편집중국 ▶ 첨단롯데마트 ▶ 첨단생활체육공원 ▶ 첨단휴먼시아 ▶ 신용초등학교 ▶ 빛고을고입구 ▶ 신용중입구 ▶ 첨단2호반아파트 ▶ 첨단과학산업단지 ▶ 첨단2체육공원 ▶ 화인특장 ▶ 연제외촌입구 ▶ 힐스테이트연제아파트 ▶ 연제현대아파트 ▶ 한양아파트 ▶ 해태제과 ▶ 광주다문화가족지원거점센터 ▶ 마당고개 ▶ 국립광주박물관 ▶ 비엔날레주차장,58,비엔날레주차장 ▶ 국립광주박물관 ▶ 마당고개 ▶ 광주다문화가족지원거점센터 ▶ 해태제과 ▶ 한양아파트 ▶ 연제현대아파트 ▶ 힐스테이트연제아파트 ▶ 연제외촌입구 ▶ 화인특장 ▶ 첨단2체육공원 ▶ 첨단과학산업단지 ▶ 첨단2호반아파트 ▶ 신용중입구 ▶ 빛고을고입구 ▶ 신용초등학교 ▶ 첨단휴먼시아 ▶ 첨단생활체육공원 ▶ 첨단롯데마트 ▶ 우편집중국 ▶ 농산물품질관리원 ▶ 첨단병원입구 ▶ 광주디자인진흥원 ▶ 과기원 ▶ 쌍암공원 ▶ 첨단초교후문 ▶ 첨단초교 ▶ 응암공원 ▶ 도천저수지 ▶ 도촌제 ▶ 수완우미린2차 ▶ 수완현진에버빌1차 ▶ 수완모아엘가 ▶ 광주농수산물유통센터(북) ▶ 수완중흥S-클래스 1차 ▶ 목련마을8단지 ▶ 흑석사거리(동) ▶ 흑석사거리(서) ▶ 하남홈플러스 ▶ 산정중입구 ▶ 역산공원입구 ▶ 광주여대 ▶ 우산빛여울채아파트(동) ▶ 우산리버힐아파트 ▶ 상수도광산요금센터 ▶ 대덕훼미리아파트 ▶ 우산동중흥S클래스 ▶ 아리랑고개 ▶ 송정IC ▶ 송정파출소(북) ▶ 송정공원역 ▶ 영광통 ▶ 광산구청 ▶ 광주송정역 ▶ 신동사거리 ▶ 도산역 ▶ 도산파출소 ▶ 도산동
운림35,장등동,무등산국립공원(증심사),43,장등동 ▶ 도선사 ▶ 문흥지구입구(서) ▶ 문흥금호아파트 ▶ 문산중 ▶ 문흥1동행정복지센터 ▶ 문흥중 ▶ 자연과학고 ▶ 용봉중 ▶ 오치한전 ▶ 도로교통공단 대신파크 ▶ 우산주공1단지 ▶ 현대아파트 ▶ 문화중 ▶ 무등도서관 ▶ 말바우시장(동) ▶ 동강대후문 ▶ 청명아파트 ▶ 덕산아파트 ▶ 두암주공입구 ▶ 교대금호어울림 ▶ 풍향시장 ▶ 두암타운후문 ▶ 율곡초교 ▶ 장원초교(북) ▶ 산수2동행정복지센터 ▶ 동산아파트 ▶ 동산초교 ▶ 법원 ▶ 살레시오여고 ▶ 조선대 ▶ 조선대공과대학 ▶ 남광주사거리 ▶ 조선대병원 ▶ 학동증심사입구역 ▶ 학2마을아파트 ▶ 학동평화맨션 ▶ 홍림교 ▶ 연진회미술원 ▶ 운림중 ▶ 학운초교 ▶ 성촌마을.전통문화관 ▶ 무등산국립공원(증심사),44,무등산국립공원(증심사) ▶ 성촌마을.전통문화관 ▶ 학운초교 ▶ 동산마을입구 ▶ 운림중 ▶ 연진회미술원 ▶ 홍림교 ▶ 학동무등파크 ▶ 학동증심사입구역 ▶ 조선대병원 ▶ 조선대공과대학 ▶ 조선대 ▶ 살레시오여고 ▶ 법원 ▶ 동산초교 ▶ 동산아파트 ▶ 산수2동행정복지센터 ▶ 장원초교(북) ▶ 율곡초교 ▶ 두암타운후문 ▶ 풍향시장 ▶ 교대금호어울림 ▶ 두암주공입구 ▶ 덕산아파트 ▶ 청명아파트 ▶ 동강대후문 ▶ 말바우시장(동) ▶ 무등도서관 ▶ 문화중 ▶ 현대아파트 ▶ 우산주공1단지 ▶ 성산맨션 ▶ 도로교통공단 대신파크 ▶ 오치한전 ▶ 용봉중 ▶ 자연과학고 ▶ 문흥1동행정복지센터 ▶ 문산중 ▶ 문흥금호아파트 ▶ 광주솔로몬로파크 ▶ 문흥지구입구(동) ▶ 도동고개 ▶ 도선사 ▶ 장등동
금호36,장등동,서광주역,53,장등동 ▶ 도선사 ▶ 문흥지구입구(남) ▶ 농산물공판장 ▶ 각화금호아파트 ▶ 각화무등파크 ▶ 신흥맨션 ▶ 문화초교 ▶ 두암라인동산아파트 ▶ 대주빌라 ▶ 삼정초교 ▶ 두암주공아파트 ▶ 율곡초교 ▶ 장원초교(북) ▶ 산수2동행정복지센터 ▶ 동산아파트 ▶ 동산초교옆 ▶ 지산2동행정복지센터 ▶ 매일시장입구 ▶ 살레시오여고 ▶ 조선대 ▶ 서남동행정복지센터 ▶ 문화전당역 ▶ 국립아시아문화전당(구.도청) ▶ 금남로4가역 ▶ 금남로5가역 ▶ 광주일고.광주고용센터 ▶ 양동교차로 ▶ 양동시장역(북) ▶ 돌고개역(서) ▶ 서구청 ▶ 농성SK뷰 ▶ 화정중흥파크 ▶ 신세계백화점 ▶ 광주종합버스터미널 ▶ 기아자동차 ▶ 해태아파트 ▶ 한국병원 ▶ 상무1동행정복지센터 ▶ 가톨릭대평생교육원 ▶ 서광주우체국 ▶ 쌍촌시영아파트 ▶ 광주학생독립운동기념관 ▶ 치평중 ▶ 금호초교 ▶ CBS방송국 ▶ 금호시영아파트 ▶ 금호한국아파트 ▶ 서창농협 ▶ 만호초교 ▶ 만호마을 ▶ 무등교회 ▶ 서광주역,57,서광주역 ▶ 동산교차로 ▶ 동산교차로(북) ▶ 무등교회 ▶ 만호마을 ▶ 만호초교 ▶ 금호한국아파트 ▶ 금호시영아파트 ▶ CBS방송국 ▶ 상무중 ▶ 광주학생독립운동기념관 ▶ 쌍촌시영아파트 ▶ 서광주우체국 ▶ 가톨릭대평생교육원 ▶ 상무1동행정복지센터 ▶ 한국병원 ▶ 솔뫼타운 ▶ 해태아파트 ▶ 기아자동차 ▶ 광주종합버스터미널 ▶ 신세계백화점 ▶ 화정중흥파크 ▶ 서구청 ▶ 서광주한전 ▶ 돌고개역(동) ▶ 양동시장역(북) ▶ 양동교차로 ▶ 광주일고.광주고용센터 ▶ 금남로5가역 ▶ 금남로4가역 ▶ 국립아시아문화전당(구.도청) ▶ 문화전당역 ▶ 서남동행정복지센터 ▶ 살레시오여고 ▶ 매일시장입구 ▶ 지산2동행정복지센터 ▶ 동산초교옆 ▶ 동산아파트 ▶ 산수2동행정복지센터 ▶ 장원초교(북) ▶ 율곡초교 ▶ 두암주공아파트 ▶ 삼정초교 ▶ 대주빌라 ▶ 두암라인동산아파트 ▶ 문화초교 ▶ 신흥맨션 ▶ 각화무등파크 ▶ 각화초교 ▶ 각화금호아파트 ▶ 동광주IC입구 ▶ 농산물공판장 ▶ 문흥지구입구(남) ▶ 문흥지구입구(동) ▶ 도동고개 ▶ 도선사 ▶ 장등동
봉선37,송산유원지(종점),월남동,72,송산유원지(종점) ▶ 송산유원지 ▶ 동명고 ▶ 서봉마을 ▶ 샛터마을 ▶ 호남대 ▶ 선암 ▶ 매방골 ▶ 보문고 ▶ 광산경찰서 ▶ 송정한전 ▶ 소촌서라아파트 ▶ 중앙초교 ▶ 정광고입구 ▶ 어룡초교 ▶ 소촌스위트밸리 ▶ 광주인력개발원 ▶ 광주경찰청입구 ▶ 우산빛여울채아파트(동) ▶ 우산리버힐아파트 ▶ 광산중 ▶ 어등초교 ▶ 월곡일신아파트 ▶ 월곡시장 ▶ 대반초교 ▶ 풍영정천1교 ▶ 금구초교 ▶ 목련마을8단지 ▶ 목련마을 ▶ 신가동 ▶ 극락강역입구 ▶ 풍영정입구 ▶ 광신대교 ▶ 동림I.C입구 ▶ 동천마을1단지 ▶ 동천마을3단지 ▶ 동천마을6단지 ▶ 광암교입구 ▶ 공구의거리 ▶ 제2광천교 ▶ 광천치안센터 ▶ 신세계백화점 ▶ 화정중흥파크 ▶ 서구청 ▶ 서광주한전 ▶ 돌고개역(동) ▶ 양동시장역(북) ▶ 양동교차로 ▶ 수창초교후문 ▶ 대인광장(서) ▶ 동부소방서 ▶ 대인시장(서) ▶ 전남여고 ▶ 동구청 ▶ 전남대병원오거리/남동성당 ▶ 전남대병원.남광주시장 ▶ 남광주역 ▶ 학림교 ▶ 방림삼거리 ▶ 송림주택 ▶ 라인효친 ▶ 모아2차아파트 ▶ 봉선삼익사거리 ▶ 봉선삼익아파트(남) ▶ 봉선2동행정복지센터 ▶ 남구문화예술회관 ▶ 용산지구대성베르힐 ▶ 용산지구모아엘가에듀파크 ▶ 용산초교 ▶ 지원2동행정복지센터 ▶ 녹동 ▶ 월남동,74,월남동 ▶ 주남 ▶ 녹동 ▶ 지원화훼단지 ▶ 지원2동행정복지센터 ▶ 용산초교 ▶ 용산지구모아엘가에듀파크 ▶ 용산지구대성베르힐 ▶ 남구문화예술회관 ▶ 봉선2동행정복지센터 ▶ 봉선삼익아파트(남) ▶ 봉선삼익사거리 ▶ 모아2차아파트 ▶ 라인효친 ▶ 송림주택 ▶ 방림삼거리 ▶ 학림교 ▶ 남광주역 ▶ 전남대병원.남광주시장 ▶ 전남대병원오거리/남동성당 ▶ 동구청 ▶ 전남여고 ▶ 대인시장(서) ▶ 동부소방서 ▶ 대인광장(서) ▶ 수창초교후문 ▶ 양동교차로 ▶ 양동시장역(북) ▶ 돌고개역(동) ▶ 돌고개역(서) ▶ 서구청 ▶ 농성SK뷰 ▶ 화정중흥파크 ▶ 신세계백화점(북) ▶ 광천치안센터 ▶ 공구의거리 ▶ 광암교입구 ▶ 동천마을6단지 ▶ 동천마을3단지 ▶ 동천마을1단지 ▶ 동림I.C입구 ▶ 광신대교 ▶ 풍영정입구 ▶ 극락강역입구 ▶ 신가동 ▶ 목련마을 ▶ 목련마을6단지 ▶ 금구중 ▶ 풍영정천1교 ▶ 대반초교 ▶ 월곡시장 ▶ 월곡일신아파트 ▶ 어등초교 ▶ 광산중 ▶ 우산리버힐아파트 ▶ 우산빛여울채아파트(동) ▶ 광주경찰청입구 ▶ 광주인력개발원 ▶ 소촌스위트밸리 ▶ 어룡초교 ▶ 정광고입구 ▶ 중앙초교 ▶ 소촌서라아파트 ▶ 송정한전 ▶ 광산경찰서 ▶ 보문고 ▶ 매방골 ▶ 선암 ▶ 호남대 ▶ 샛터마을 ▶ 서봉마을 ▶ 동명고 ▶ 송산유원지 ▶ 송산유원지(종점)
일곡38,살레시오고/교통문화연수원,송산유원지(종점),70,살레시오고/교통문화연수원 ▶ 살레시오고입구 ▶ 일곡삼호아파트 ▶ 서일초교 ▶ 일곡초교 ▶ 일곡사거리 ▶ 국제고 ▶ 삼각그린타운 ▶ 고려고 ▶ 광주공고입구 ▶ 북부경찰서 ▶ 오치주공 ▶ 오치한전 ▶ 도로교통공단 대신파크 ▶ 전남대공과대학 ▶ 전남대동문 ▶ 북구청 ▶ 동부시장 ▶ 말바우시장(서) ▶ 말바우시장(남) ▶ 동강대 ▶ 서방시장(남) ▶ 서방사거리 ▶ 구시청사거리 ▶ 중흥1동행정복지센터 ▶ 대인광장(동) ▶ 롯데백화점 ▶ 광주일고.광주고용센터 ▶ 북성중 ▶ 요한병원 ▶ 임동농협 ▶ 임동행정복지센터 ▶ 임동한국아델리움1차 ▶ 광주기아챔피언스필드 ▶ 무등야구장 ▶ 제2광천교 ▶ 광천치안센터 ▶ 광주종합버스터미널 ▶ 기아차중문 ▶ 광명하이츠후문 ▶ 버들마을 ▶ 계수 ▶ 시청 ▶ 한국은행 ▶ 한국국토정보공사 ▶ 한국수자원공사 ▶ 상무중흥아파트 ▶ 일가정양립지원본부 ▶ 보훈회관(5.18민주화운동교육관) ▶ 김대중컨벤션센터 ▶ 김대중컨벤션센터(마륵)역 ▶ 월암 ▶ 서창입구 ▶ 장암마을 ▶ 공항역 ▶ 송정파출소(북) ▶ 송정공원역 ▶ 영광통 ▶ 금호타이어 ▶ 송정한전 ▶ 광산경찰서 ▶ 보문고 ▶ 매방골 ▶ 선암 ▶ 호남대 ▶ 샛터마을 ▶ 서봉마을 ▶ 동명고 ▶ 송산유원지 ▶ 송산유원지(종점),68,송산유원지(종점) ▶ 송산유원지 ▶ 동명고 ▶ 서봉마을 ▶ 샛터마을 ▶ 호남대 ▶ 선암 ▶ 매방골 ▶ 보문고 ▶ 광산경찰서 ▶ 송정한전 ▶ 금호타이어 ▶ 영광통 ▶ 송정공원역 ▶ 송정파출소(북) ▶ 공항역 ▶ 장암마을 ▶ 서창입구 ▶ 월암 ▶ 김대중컨벤션센터(마륵)역(북) ▶ 김대중컨벤션센터 ▶ 보훈회관(5.18민주화운동교육관) ▶ 일가정양립지원본부 ▶ 상무중흥아파트 ▶ 운천초교 ▶ 상무대우아파트 ▶ 시청 ▶ 계수 ▶ 버들마을 ▶ 광명하이츠후문 ▶ 기아차중문 ▶ 광주종합버스터미널 ▶ 광천치안센터 ▶ 제2광천교 ▶ 무등야구장 ▶ 광주기아챔피언스필드 ▶ 임동한국아델리움1차 ▶ 임동행정복지센터 ▶ 임동농협 ▶ 북성중 ▶ 광주일고.광주고용센터 ▶ 롯데백화점 ▶ 대인광장(동) ▶ 중흥1동행정복지센터 ▶ 구시청사거리 ▶ 서방사거리 ▶ 서방시장(남) ▶ 동강대 ▶ 말바우시장(서) ▶ 동부시장 ▶ 북구청 ▶ 전남대동문 ▶ 전남대공과대학 ▶ 성산맨션 ▶ 도로교통공단 대신파크 ▶ 오치한전 ▶ 오치주공 ▶ 북부경찰서 ▶ 광주공고입구 ▶ 고려고 ▶ 삼각그린타운 ▶ 국제고 ▶ 일곡사거리 ▶ 일곡초교 ▶ 서일초교 ▶ 일곡삼호아파트 ▶ 살레시오고입구 ▶ 살레시오고/교통문화연수원
문흥39,장등동,국립광주과학관,56,장등동 ▶ 도선사 ▶ 문흥지구입구(서) ▶ 문흥라인동산아파트 ▶ 문흥라인아파트 ▶ 문흥명지아파트 ▶ 문흥고가 ▶ 광주병원 ▶ 무등도서관 ▶ 말바우시장(동) ▶ 말바우시장(남) ▶ 동강대 ▶ 서방시장(남) ▶ 계림사거리 ▶ 광주고/4.19역사관 ▶ 대인시장(동) ▶ 예술의거리입구 ▶ 금남로4가역 ▶ 금남로5가역 ▶ 광주일고.광주고용센터 ▶ 양동교차로 ▶ 양동시장역(남) ▶ 돌고개역(동) ▶ 돌고개역(서) ▶ 서구청 ▶ 농성SK뷰 ▶ 화정중흥파크 ▶ 신세계백화점 ▶ 광주종합버스터미널 ▶ 기아차중문 ▶ 광명하이츠후문 ▶ 유덕초교 ▶ 칠성마을사거리 ▶ 동천동행정복지센터 ▶ 동천마을3단지 ▶ 동천마을1단지 ▶ 동림I.C입구 ▶ 광신대교 ▶ 풍영정입구 ▶ 극락강역입구 ▶ 신가동 ▶ 목련마을 ▶ 목련마을8단지 ▶ 수완중흥S-클래스 2차 ▶ 수완새한포유 ▶ 성덕마을 ▶ 수완현진에버빌1차 ▶ 수완우미린2차 ▶ 도촌제 ▶ 도천저수지 ▶ 응암공원 ▶ 첨단라인아파트 ▶ 첨단1동행정복지센터 ▶ 광주교통방송 ▶ 정부광주지방합동청사 ▶ 국립광주과학관,57,국립광주과학관 ▶ 정부광주지방합동청사 ▶ 광주교통방송 ▶ 첨단1동행정복지센터 ▶ 첨단사거리 ▶ 첨단라인아파트 ▶ 응암공원 ▶ 도천저수지 ▶ 도촌제 ▶ 수완우미린2차 ▶ 수완현진에버빌1차 ▶ 성덕마을 ▶ 수완새한포유 ▶ 수완중흥S-클래스 2차 ▶ 목련마을8단지 ▶ 목련마을 ▶ 신가동 ▶ 극락강역입구 ▶ 풍영정입구 ▶ 광신대교 ▶ 동림I.C입구 ▶ 동천마을1단지 ▶ 동천마을3단지 ▶ 동천동행정복지센터 ▶ 칠성마을사거리 ▶ 유덕초교 ▶ 광명하이츠후문 ▶ 기아차중문 ▶ 광주종합버스터미널 ▶ 신세계백화점 ▶ 화정중흥파크 ▶ 서구청 ▶ 서광주한전 ▶ 돌고개역(동) ▶ 양동시장역(남) ▶ 양동교차로 ▶ 광주일고.광주고용센터 ▶ 금남로5가역 ▶ 금남로4가역 ▶ 예술의거리입구 ▶ 대인시장(동) ▶ 광주고/4.19역사관 ▶ 계림사거리 ▶ 서방시장(남) ▶ 동강대 ▶ 말바우시장(동) ▶ 무등도서관 ▶ 광주병원 ▶ 문흥고가 ▶ 문흥명지아파트 ▶ 문흥라인아파트 ▶ 문흥라인동산아파트 ▶ 광주솔로몬로파크 ▶ 문흥지구입구(동) ▶ 도동고개 ▶ 도선사 ▶ 장등동
첨단40,첨단종점,도산동,62,첨단종점 ▶ 고내입구 ▶ 광주이노비즈센터 ▶ 풍기산업 ▶ 전남과학대학포스트비 ▶ 현진기업 ▶ 한국광기술원 ▶ 광주테크노파크후문 ▶ 광주테크노파크 ▶ 산업인력공단 ▶ 첨단삼성전자 ▶ 정부광주지방합동청사입구 ▶ 광주교통방송 ▶ 첨단1동행정복지센터 ▶ 첨단사거리 ▶ 첨단라인아파트 ▶ 첨단라인8차아파트 ▶ 산월초교입구 ▶ 방송통신대 ▶ 무양서원 ▶ 봉산중 ▶ 보훈병원후문 ▶ 보훈병원 ▶ 전자공고 ▶ 신창호반아파트 ▶ 수문초교입구 ▶ 진흥고 ▶ 보건대후문 ▶ 신창부영1차아파트 ▶ 신창동우체국 ▶ 신가중 ▶ 신가우미아파트 ▶ 신가주공아파트 ▶ 신가사거리 ▶ 극락강역입구 ▶ 신가동 ▶ 목련마을 ▶ 목련마을6단지 ▶ 금구중 ▶ 풍영정천1교 ▶ 대반초교 ▶ 월곡시장 ▶ 월곡일신아파트 ▶ 하남중 ▶ 광주여대 ▶ 우산빛여울채아파트(서) ▶ 광주경찰청입구 ▶ 광주경찰청 ▶ 소촌라인2차아파트 ▶ 소촌남계길 ▶ 아리랑고개 ▶ 송정IC ▶ 송정모아아파트 ▶ 상전 ▶ 송정대덕아파트 ▶ 송정초교 ▶ 도산동행정복지센터 ▶ 송정호반아파트 ▶ 공군부대후문 ▶ 공군부대 ▶ 도산파출소 ▶ 도산동,61,도산동 ▶ 도산파출소 ▶ 공군부대 ▶ 공군부대후문 ▶ 송정호반아파트 ▶ 도산동행정복지센터 ▶ 송정초교 ▶ 송정대덕아파트 ▶ 상전 ▶ 송정모아아파트 ▶ 송정파출소(남) ▶ 송정IC ▶ 아리랑고개 ▶ 소촌남계길 ▶ 소촌라인2차아파트 ▶ 광주경찰청 ▶ 광주경찰청입구 ▶ 우산빛여울채아파트(서) ▶ 광주여대 ▶ 하남중 ▶ 월곡일신아파트 ▶ 월곡시장 ▶ 대반초교 ▶ 풍영정천1교 ▶ 금구초교 ▶ 목련마을8단지 ▶ 목련마을 ▶ 신가동 ▶ 신가사거리 ▶ 신가주공아파트 ▶ 신가우미아파트 ▶ 신가중 ▶ 신창동우체국 ▶ 신창부영1차아파트 ▶ 보건대후문 ▶ 진흥고 ▶ 수문초교입구 ▶ 신창호반아파트 ▶ 전자공고 ▶ 보훈병원 ▶ 보훈병원후문 ▶ 봉산중 ▶ 무양서원 ▶ 방송통신대 ▶ 산월초교입구 ▶ 첨단라인8차아파트 ▶ 응암공원 ▶ 첨단라인아파트 ▶ 첨단1동행정복지센터 ▶ 광주교통방송 ▶ 정부광주지방합동청사입구 ▶ 첨단삼성전자 ▶ 산업인력공단 ▶ 광주테크노파크 ▶ 광주테크노파크후문 ▶ 한국광기술원 ▶ 현진기업 ▶ 전남과학대학포스트비 ▶ 풍기산업 ▶ 광주이노비즈센터 ▶ 첨단종점
지원45,도산동,월남동,62,도산동 ▶ 도산파출소 ▶ 공군부대 ▶ 공군부대후문 ▶ 송정호반아파트 ▶ 도산동행정복지센터 ▶ 송정초교 ▶ 송정대덕아파트 ▶ 상전 ▶ 송정모아아파트 ▶ 송정파출소(남) ▶ 공항역 ▶ 장암마을 ▶ 보훈회관(서) ▶ 일가정양립지원본부 ▶ 상무해광한신아파트 ▶ 계수초교 ▶ 상무대우아파트 ▶ 시청 ▶ 5.18기념공원 ▶ 상무병원 ▶ 운천저수지 ▶ 금호초교 ▶ CBS방송국 ▶ 금호시영아파트 ▶ 금호한국아파트 ▶ 서구문화센터 ▶ 마재대주아파트 ▶ 마재부영아파트 ▶ 마재우체국 ▶ 풍암저수지 ▶ 풍암모아아파트 ▶ 풍암한신아파트 ▶ 풍암한국아파트 ▶ 신암마을 ▶ 풍암금호아파트 ▶ 풍암우미아파트 ▶ 원광대한방병원 ▶ 금당중 ▶ 서남하이츠(국제양궁장) ▶ 무등시장입구(남) ▶ 백운초교(남) ▶ 까치고개 ▶ 대성사거리 ▶ 대성초교 ▶ 향교 ▶ 중앙대교(서) ▶ 충장치안센터 ▶ 국립아시아문화전당(구.도청) ▶ 문화전당역 ▶ 전남대병원오거리/남동성당 ▶ 전남대병원.남광주시장 ▶ 남광주사거리 ▶ 조선대병원 ▶ 학동증심사입구역 ▶ 삼익세라믹 ▶ 동구문화센터 ▶ 광주남초교 ▶ 소태역 ▶ 지원2동행정복지센터입구 ▶ 녹동 ▶ 월남동,62,월남동 ▶ 주남 ▶ 녹동 ▶ 지원화훼단지 ▶ 지원2동행정복지센터입구 ▶ 소태역 ▶ 광주남초교 ▶ 동구문화센터 ▶ 삼익세라믹 ▶ 학동증심사입구역 ▶ 조선대병원 ▶ 전남대병원.남광주시장 ▶ 전남대병원오거리/남동성당 ▶ 문화전당역 ▶ 국립아시아문화전당(구.도청) ▶ 충장동행정복지센터 ▶ 향교 ▶ 대성초교 ▶ 대성사거리 ▶ 까치고개 ▶ 백운초교(남) ▶ 무등시장입구(남) ▶ 서남하이츠(국제양궁장) ▶ 금당중 ▶ 원광대한방병원 ▶ 풍암우미아파트 ▶ 풍암금호아파트 ▶ 신암마을 ▶ 풍암한국아파트 ▶ 풍암한신아파트 ▶ 풍암모아아파트 ▶ 풍암저수지 ▶ 마재우체국 ▶ 마재부영아파트 ▶ 마재대주아파트 ▶ 서구문화센터 ▶ 금호한국아파트 ▶ 금호시영아파트 ▶ CBS방송국 ▶ 상무중 ▶ 운천저수지 ▶ 상무병원 ▶ 5.18기념공원 ▶ 시청 ▶ 한국은행 ▶ 한국국토정보공사 ▶ 계수초교 ▶ 상무해광한신아파트 ▶ 일가정양립지원본부 ▶ 보훈회관(서) ▶ 장암마을 ▶ 공항역 ▶ 송정모아아파트 ▶ 상전 ▶ 송정대덕아파트 ▶ 송정초교 ▶ 도산동행정복지센터 ▶ 송정호반아파트 ▶ 공군부대후문 ▶ 공군부대 ▶ 도산파출소 ▶ 도산동
금호46,국립광주과학관,동산교차로,50,국립광주과학관 ▶ 정부광주지방합동청사 ▶ 정부광주지방합동청사입구 ▶ 폭스존 ▶ 첨단롯데마트 ▶ 첨단호반3차아파트 ▶ 첨단부영아파트 ▶ 첨단2동행정복지센터 ▶ 첨단사거리 ▶ 첨단라인아파트 ▶ 응암공원 ▶ 도천저수지 ▶ 도촌제 ▶ 수완우미린2차 ▶ 수완현진에버빌1차 ▶ 수완모아엘가 ▶ 광주농수산물유통센터(북) ▶ 수완중흥S-클래스 1차 ▶ 목련마을6단지 ▶ 운남삼성아파트 ▶ 광산구노인복지관 ▶ 영천초교 ▶ 월곡시장 ▶ 월곡일신아파트 ▶ 하남중 ▶ 광주여대 ▶ 광산우산동행정복지센터 ▶ 광주무역회관 ▶ 계수 ▶ 버들마을 ▶ 상무호반3차 ▶ 모아제일아파트 ▶ 5.18기념문화센터 ▶ 시청 ▶ 한국은행 ▶ 한국국토정보공사 ▶ 한국수자원공사 ▶ 농협운천지점 ▶ 상무지구입구 ▶ 운천저수지 ▶ 금호초교 ▶ CBS방송국 ▶ 금호시영아파트 ▶ 금호한국아파트 ▶ 서창농협 ▶ 만호초교 ▶ 만호마을 ▶ 무등교회 ▶ 서광주역 ▶ 동산교차로,49,동산교차로 ▶ 동산교차로(북) ▶ 무등교회 ▶ 만호마을 ▶ 만호초교 ▶ 금호한국아파트 ▶ 금호시영아파트 ▶ CBS방송국 ▶ 상무중 ▶ 운천저수지 ▶ 상무지구입구 ▶ 농협운천지점 ▶ 한국수자원공사 ▶ 한국국토정보공사 ▶ 한국은행 ▶ 시청 ▶ 5.18기념문화센터 ▶ 모아제일아파트 ▶ 상무호반3차 ▶ 버들마을 ▶ 계수 ▶ 광주무역회관 ▶ 광산우산동행정복지센터 ▶ 광주여대 ▶ 하남중 ▶ 월곡일신아파트 ▶ 월곡시장 ▶ 영천초교 ▶ 광산구노인복지관 ▶ 운남삼성아파트 ▶ 목련마을6단지 ▶ 수완중흥S-클래스 1차 ▶ 광주농수산물유통센터(북) ▶ 수완모아엘가 ▶ 수완현진에버빌1차 ▶ 수완우미린2차 ▶ 도촌제 ▶ 도천저수지 ▶ 응암공원 ▶ 첨단라인아파트 ▶ 첨단사거리 ▶ 첨단2동행정복지센터 ▶ 첨단부영아파트 ▶ 첨단호반3차아파트 ▶ 첨단롯데마트 ▶ 폭스존 ▶ 정부광주지방합동청사입구 ▶ 정부광주지방합동청사 ▶ 국립광주과학관
송암47,장등동,덕남마을 입구,61,장등동 ▶ 도선사 ▶ 문흥지구입구(남) ▶ 농산물공판장 ▶ 동광주IC입구 ▶ 광주병원 ▶ 무등도서관 ▶ 말바우시장(동) ▶ 말바우시장(남) ▶ 동강대 ▶ 서방시장(남) ▶ 서방사거리 ▶ 전대동창회관 ▶ 광주역육교 ▶ 전남대사거리(동) ▶ 용봉초교 ▶ 신안교 ▶ 광주지방기상청 ▶ 경신여고 ▶ 제2광천교 ▶ 광천치안센터 ▶ 광주종합버스터미널 ▶ 기아자동차 ▶ 해태아파트 ▶ 한국병원 ▶ 상무1동행정복지센터 ▶ 가톨릭대평생교육원 ▶ 서광주우체국 ▶ 염주사거리(서) ▶ 염주초교 ▶ 염주체육관 ▶ 주월명지아파트 ▶ 봉주초교 ▶ 광주국제양궁장 ▶ 서남하이츠(국제양궁장) ▶ 금당중 ▶ 원광대한방병원 ▶ 풍암우미아파트 ▶ 풍암금호아파트 ▶ 신암마을 ▶ 풍암한국아파트 ▶ 풍암한신아파트 ▶ 풍암모아아파트 ▶ 풍암저수지 ▶ 마재우체국 ▶ 풍암사거리(동) ▶ 매월종합상가입구 ▶ 운리마을 ▶ 동명회.송원고 ▶ 송원대 ▶ 송암공단입구 ▶ 남선산업 ▶ 송하삼익아파트 ▶ 금호타운아파트 ▶ 광주대 ▶ 구암 ▶ 빛고을CC ▶ 빛고을노인건강타운 ▶ 고령친화종합체험관 ▶ 빛고을전남대병원 ▶ 덕남마을 입구,61,덕남마을 입구 ▶ 고령친화종합체험관 ▶ 빛고을노인건강타운 ▶ 빛고을CC ▶ 구암 ▶ 광주대 ▶ 금호타운아파트 ▶ 송하삼익아파트 ▶ 남선산업 ▶ 송암공단입구 ▶ 송원대 ▶ 동명회.송원고 ▶ 운리마을 ▶ 풍암대주아파트 ▶ 풍암사거리(동) ▶ 마재우체국 ▶ 풍암저수지 ▶ 풍암모아아파트 ▶ 풍암한신아파트 ▶ 풍암한국아파트 ▶ 신암마을 ▶ 풍암금호아파트 ▶ 풍암우미아파트 ▶ 원광대한방병원 ▶ 금당중 ▶ 광주국제양궁장 ▶ 봉주초교 ▶ 주월명지아파트 ▶ 염주체육관 ▶ 염주초교 ▶ 염주사거리(서) ▶ 서광주우체국 ▶ 가톨릭대평생교육원 ▶ 상무1동행정복지센터 ▶ 한국병원 ▶ 솔뫼타운 ▶ 해태아파트 ▶ 기아자동차 ▶ 광주종합버스터미널 ▶ 광천치안센터 ▶ 제2광천교 ▶ 경신여고 ▶ 광주지방기상청 ▶ 신안교 ▶ 용봉초교 ▶ 전남대사거리(동) ▶ 광주역육교 ▶ 전대동창회관 ▶ 서방사거리 ▶ 서방시장(남) ▶ 동강대 ▶ 말바우시장(동) ▶ 무등도서관 ▶ 광주병원 ▶ 동광주IC입구 ▶ 농산물공판장 ▶ 문흥지구입구(남) ▶ 문흥지구입구(동) ▶ 도동고개 ▶ 도선사 ▶ 장등동
수완49,무등산국립공원(증심사),수완지구,51,무등산국립공원(증심사) ▶ 성촌마을.전통문화관 ▶ 학운초교 ▶ 동산마을입구 ▶ 운림중 ▶ 연진회미술원 ▶ 홍림교 ▶ 학동무등파크 ▶ 학동증심사입구역 ▶ 조선대병원 ▶ 전남대병원.남광주시장 ▶ 전남대병원오거리/남동성당 ▶ 동구청 ▶ 전남여고 ▶ 예술의거리입구 ▶ 금남로4가역 ▶ 금남로5가역 ▶ 광주일고.광주고용센터 ▶ 유동사거리 ▶ 엔씨백화점 ▶ 광주역 ▶ 신안사거리 ▶ 전남대사거리(서) ▶ 용봉초교 ▶ 신안교 ▶ 광주지방기상청 ▶ 경신여고 ▶ 운암시장 ▶ 운암도서관 ▶ 운암초교 ▶ 서영대 ▶ 동천우미린아파트 ▶ 동천마을3단지 ▶ 동천마을1단지 ▶ 동림I.C입구 ▶ 광신대교 ▶ 풍영정입구 ▶ 신가사거리 ▶ 신가주공아파트 ▶ 명진고 ▶ 수완아름공원 ▶ 큰별초교 ▶ 광주농수산물유통센터(서) ▶ 수완새한포유 ▶ 장덕마을 ▶ 고실마을 ▶ 수완양우내안애 ▶ 골옷교 ▶ 하완마을 ▶ 수완동공원 ▶ 수완지구,53,수완지구 ▶ 수완동공원 ▶ 하완마을 ▶ 골옷교 ▶ 수완양우내안애 ▶ 고실마을 ▶ 장덕마을 ▶ 수완새한포유 ▶ 광주농수산물유통센터(서) ▶ 큰별초교 ▶ 수완아름공원 ▶ 명진고 ▶ 신가주공아파트 ▶ 신가사거리 ▶ 풍영정입구 ▶ 광신대교 ▶ 동림I.C입구 ▶ 동천마을1단지 ▶ 동천마을3단지 ▶ 동천우미린아파트 ▶ 서영대 ▶ 운암초교 ▶ 운암도서관 ▶ 운암벽산블루밍 ▶ 광주예술의전당 ▶ 운암시장 ▶ 경신여고 ▶ 광주지방기상청 ▶ 신안교 ▶ 용봉초교 ▶ 전남대사거리(서) ▶ 신안사거리 ▶ 광주역 ▶ 유동사거리 ▶ 광주일고.광주고용센터 ▶ 금남로5가역 ▶ 금남로4가역 ▶ 예술의거리입구 ▶ 전남여고 ▶ 동구청 ▶ 전남대병원오거리/남동성당 ▶ 전남대병원.남광주시장 ▶ 남광주사거리 ▶ 조선대병원 ▶ 학동증심사입구역 ▶ 학2마을아파트 ▶ 학동평화맨션 ▶ 홍림교 ▶ 연진회미술원 ▶ 운림중 ▶ 학운초교 ▶ 성촌마을.전통문화관 ▶ 무등산국립공원(증심사)
운림50,세하동,무등산국립공원(증심사),53,세하동 ▶ 동하 ▶ 마산(서창) ▶ 서창농협벽진지점 ▶ 서창사거리 ▶ 서창입구 ▶ 월암 ▶ 김대중컨벤션센터(마륵)역 ▶ 전남고 ▶ 상무금호아파트 ▶ 상무중흥아파트 ▶ 한국수자원공사 ▶ 한국국토정보공사 ▶ 한국은행 ▶ 시청 ▶ 5.18기념공원 ▶ 상무병원 ▶ 운천저수지 ▶ 상무중 ▶ 광주학생독립운동기념관 ▶ 쌍촌시영아파트 ▶ 종합건설본부 ▶ 염주사거리(동) ▶ 염주맨션 ▶ 주월초교 ▶ 월산마을 ▶ 제일맨션 ▶ 명지맨션 ▶ 무등시장 ▶ 무등시장입구(북) ▶ 백운초교(남) ▶ 백운우체국 ▶ 남구청 ▶ 주월중입구 ▶ 제석초교 ▶ 봉선시장 ▶ 모아2차아파트 ▶ 라인효친 ▶ 송림주택 ▶ 방림삼거리 ▶ 학림교 ▶ 남광주역 ▶ 남광주사거리 ▶ 조선대병원 ▶ 학동증심사입구역 ▶ 학2마을아파트 ▶ 학동평화맨션 ▶ 홍림교 ▶ 연진회미술원 ▶ 운림중 ▶ 학운초교 ▶ 성촌마을.전통문화관 ▶ 무등산국립공원(증심사),51,무등산국립공원(증심사) ▶ 성촌마을.전통문화관 ▶ 학운초교 ▶ 동산마을입구 ▶ 운림중 ▶ 연진회미술원 ▶ 홍림교 ▶ 학동무등파크 ▶ 학동증심사입구역 ▶ 조선대병원 ▶ 남광주역 ▶ 학림교 ▶ 방림삼거리 ▶ 송림주택 ▶ 라인효친 ▶ 모아2차아파트 ▶ 봉선시장 ▶ 제석초교 ▶ 주월중입구 ▶ 남구청 ▶ 백운우체국 ▶ 백운초교(남) ▶ 무등시장입구(북) ▶ 무등시장 ▶ 명지맨션 ▶ 제일맨션 ▶ 월산마을 ▶ 주월초교 ▶ 염주맨션 ▶ 염주사거리(서) ▶ 쌍촌시영아파트 ▶ 광주학생독립운동기념관 ▶ 치평중 ▶ 상무중 ▶ 운천저수지 ▶ 상무병원 ▶ 5.18기념공원 ▶ 시청 ▶ 한국은행 ▶ 한국국토정보공사 ▶ 한국수자원공사 ▶ 상무중흥아파트 ▶ 상무금호아파트 ▶ 전남고 ▶ 김대중컨벤션센터(마륵)역 ▶ 월암 ▶ 서창사거리 ▶ 서창농협벽진지점 ▶ 마산(서창) ▶ 동하 ▶ 세하동
운림51,첨단종점,무등산국립공원(증심사),59,첨단종점 ▶ 고내입구 ▶ 대촌마을입구 ▶ 대촌마을 ▶ 은혜학교 ▶ 앰코코리아 ▶ 국립광주과학관 ▶ 한국생산기술연구원 ▶ 한국전자통신연구원 ▶ 과기원 ▶ 쌍암공원 ▶ 첨단1동행정복지센터 ▶ 첨단2동행정복지센터 ▶ 첨단부영아파트 ▶ 첨단호반3차아파트 ▶ 첨단생활체육공원 ▶ 보훈병원 ▶ 전자공고 ▶ 신창초교 ▶ 신창중 ▶ 신창부영1차아파트 ▶ 보건대후문 ▶ 전남공고 ▶ 전남공고입구 ▶ 보건대입구 ▶ 반촌/마한유적체험관 ▶ 산동교 ▶ 동림푸른마을 ▶ 시립장애인복지관 ▶ 운암우미아파트 ▶ 운암중 ▶ 운암도서관 ▶ 운암벽산블루밍 ▶ 광주예술의전당 ▶ 운암시장 ▶ 경신여고 ▶ 광주기아챔피언스필드 ▶ 임동한국아델리움1차 ▶ 임동행정복지센터 ▶ 임동농협 ▶ 북성중 ▶ 광주일고.광주고용센터 ▶ 금남로5가역 ▶ 금남로4가역 ▶ 국립아시아문화전당(구.도청) ▶ 문화전당역 ▶ 전남대병원오거리/남동성당 ▶ 전남대병원.남광주시장 ▶ 남광주사거리 ▶ 조선대병원 ▶ 학동증심사입구역 ▶ 학2마을아파트 ▶ 학동평화맨션 ▶ 홍림교 ▶ 연진회미술원 ▶ 운림중 ▶ 학운초교 ▶ 성촌마을.전통문화관 ▶ 무등산국립공원(증심사),56,무등산국립공원(증심사) ▶ 성촌마을.전통문화관 ▶ 학운초교 ▶ 동산마을입구 ▶ 운림중 ▶ 연진회미술원 ▶ 홍림교 ▶ 학동무등파크 ▶ 학동증심사입구역 ▶ 조선대병원 ▶ 전남대병원.남광주시장 ▶ 전남대병원오거리/남동성당 ▶ 문화전당역 ▶ 국립아시아문화전당(구.도청) ▶ 금남로4가역 ▶ 금남로5가역 ▶ 광주일고.광주고용센터 ▶ 북성중 ▶ 요한병원 ▶ 임동농협 ▶ 임동행정복지센터 ▶ 임동한국아델리움1차 ▶ 광주기아챔피언스필드 ▶ 한국국토정보공사광주중부지사 ▶ 중앙여고 ▶ 광주예술의전당 ▶ 운암도서관 ▶ 운암중 ▶ 운암우미아파트 ▶ 시립장애인복지관 ▶ 동림푸른마을 ▶ 산동교 ▶ 반촌/마한유적체험관 ▶ 보건대입구 ▶ 전남공고 ▶ 보건대후문 ▶ 신창부영1차아파트 ▶ 신창중 ▶ 신창초교 ▶ 전자공고 ▶ 보훈병원 ▶ 첨단생활체육공원 ▶ 첨단호반3차아파트 ▶ 첨단부영아파트 ▶ 첨단2동행정복지센터 ▶ 첨단1동행정복지센터 ▶ 쌍암공원 ▶ 과기원 ▶ 한국전자통신연구원 ▶ 한국생산기술연구원 ▶ 국립광주과학관 ▶ 앰코코리아 ▶ 은혜학교 ▶ 대촌마을 ▶ 대촌마을입구 ▶ 첨단종점
지원52-1,용연동,소태역,10,용연동 ▶ 용연정수장 ▶ 교동 ▶ 선교지구입구 ▶ 육판리 ▶ 남계촌 ▶ 내남입구 ▶ 주남 ▶ 지원2동행정복지센터입구 ▶ 소태역,10,소태역 ▶ 지원2동행정복지센터입구 ▶ 주남 ▶ 내남입구 ▶ 남계촌 ▶ 육판리 ▶ 선교 ▶ 교동 ▶ 용연정수장 ▶ 용연동
지원52,내남,발산교(남),42,내남 ▶ 법림사 ▶ 육판서길 ▶ 선교 ▶ 교동 ▶ 용연정수장 ▶ 용연동 ▶ 제2수원지 ▶ 용연동 ▶ 용연정수장 ▶ 교동 ▶ 선교지구입구 ▶ 육판리 ▶ 남계촌 ▶ 내남입구 ▶ 주남 ▶ 녹동 ▶ 지원화훼단지 ▶ 지원2동행정복지센터입구 ▶ 소태역 ▶ 광주남초교 ▶ 동구문화센터 ▶ 삼익세라믹 ▶ 학동증심사입구역 ▶ 조선대병원 ▶ 전남대병원.남광주시장 ▶ 전남대병원오거리/남동성당 ▶ 동구청 ▶ 전남여고 ▶ 대인시장(서) ▶ 동부소방서 ▶ 대인광장(북) ▶ 대인광장(동) ▶ 롯데백화점 ▶ 광주학생운동기념탑 ▶ 우진아파트 ▶ 닭전머리 ▶ 월산행복주택아파트 ▶ 돌고개역(동) ▶ 서광주전화국 ▶ 농성중흥파크 ▶ 발산교(남),41,발산교(남) ▶ 양동교 ▶ 그린파크 ▶ 서광주전화국 ▶ 돌고개역(동) ▶ 월산동행복주택아파트 ▶ 닭전머리 ▶ 우진아파트 ▶ 광주학생운동기념탑 ▶ 롯데백화점 ▶ 동부소방서 ▶ 대인시장(서) ▶ 전남여고 ▶ 동구청 ▶ 전남대병원오거리/남동성당 ▶ 전남대병원.남광주시장 ▶ 남광주사거리 ▶ 조선대병원 ▶ 학동증심사입구역 ▶ 삼익세라믹 ▶ 동구문화센터 ▶ 광주남초교 ▶ 소태역 ▶ 지원2동행정복지센터입구 ▶ 녹동 ▶ 주남 ▶ 내남입구 ▶ 남계촌 ▶ 육판리 ▶ 선교 ▶ 교동 ▶ 용연정수장 ▶ 용연동 ▶ 제2수원지 ▶ 용연동 ▶ 용연정수장 ▶ 교동 ▶ 선교지구입구 ▶ 육판서길 ▶ 법림사 ▶ 내남
문흥53,장등동,광주종합버스터미널,19,장등동 ▶ 도선사 ▶ 문흥지구입구(서) ▶ 문흥금호아파트 ▶ 문산중 ▶ 문흥1동행정복지센터 ▶ 문흥중 ▶ 자연과학고 ▶ 용봉중 ▶ 오치주공 ▶ 북부경찰서 ▶ 중외마을 ▶ 용봉쌍용아파트 ▶ 시립역사민속박물관 ▶ 국립광주박물관 ▶ 체육고.폴리텍대학 ▶ 광주예술의전당 ▶ 광천치안센터 ▶ 광주종합버스터미널,21,광주종합버스터미널 ▶ 광천치안센터 ▶ 광주예술의전당후문 ▶ 체육고.폴리텍대학 ▶ 국립광주박물관 ▶ 시립역사민속박물관 ▶ 용봉쌍용아파트 ▶ 중외마을 ▶ 용봉주공 ▶ 북부경찰서 ▶ 오치주공 ▶ 용봉중 ▶ 자연과학고 ▶ 문흥1동행정복지센터 ▶ 문산중 ▶ 문흥금호아파트 ▶ 광주솔로몬로파크 ▶ 문흥지구입구(동) ▶ 도동고개 ▶ 도선사 ▶ 장등동
운림54,무등산국립공원(증심사),대한적십자사,33,무등산국립공원(증심사) ▶ 성촌마을.전통문화관 ▶ 학운초교 ▶ 동산마을입구 ▶ 운림중 ▶ 연진회미술원 ▶ 홍림교 ▶ 학동무등파크 ▶ 학동증심사입구역 ▶ 조선대병원 ▶ 전남대병원.남광주시장 ▶ 전남대병원오거리/남동성당 ▶ 동구청 ▶ 전남여고 ▶ 대인시장(동) ▶ 광주고/4.19역사관 ▶ 계림사거리 ▶ 서방시장(남) ▶ 동강대 ▶ 말바우시장(동) ▶ 무등도서관 ▶ 문화중 ▶ 현대아파트 ▶ 우산주공1단지 ▶ 성산맨션 ▶ 도로교통공단 대신파크 ▶ 오치한전 ▶ 오치주공 ▶ 북부경찰서 ▶ 광주공고 ▶ 공간아파트 ▶ 매곡대화아파트 ▶ 대한적십자사,34,대한적십자사 ▶ 매곡대화아파트 ▶ 매곡삼익아파트 ▶ 용봉주공 ▶ 북부경찰서 ▶ 오치주공 ▶ 오치한전(북) ▶ 도로교통공단 대신파크 ▶ 우산주공1단지 ▶ 현대아파트 ▶ 문화중 ▶ 무등도서관 ▶ 말바우시장(동) ▶ 말바우시장(남) ▶ 동강대 ▶ 서방시장(남) ▶ 계림사거리 ▶ 광주고/4.19역사관 ▶ 대인시장(동) ▶ 전남여고 ▶ 동구청 ▶ 전남대병원오거리/남동성당 ▶ 전남대병원.남광주시장 ▶ 남광주사거리 ▶ 조선대병원 ▶ 학동증심사입구역 ▶ 학2마을아파트 ▶ 학동평화맨션 ▶ 홍림교 ▶ 연진회미술원 ▶ 운림중 ▶ 학운초교 ▶ 성촌마을.전통문화관 ▶ 무등산국립공원(증심사)
금남55,장등동,덕남마을 입구,54,장등동 ▶ 도선사 ▶ 문흥지구입구(남) ▶ 농산물공판장 ▶ 각화금호아파트 ▶ 각화무등파크 ▶ 신흥맨션 ▶ 문화초교 ▶ 두암초교 ▶ 덕산아파트 ▶ 청명아파트 ▶ 동강대후문 ▶ 말바우시장(서) ▶ 동부시장 ▶ 북구청 ▶ 효동초교입구 ▶ 광주역육교 ▶ 전남대사거리(동) ▶ 신안사거리 ▶ 광주역(동) ▶ 중흥초교 ▶ 4.19기념관 ▶ 계림초교후문 ▶ 동진맨션 ▶ 산수동우체국 ▶ 법원입구 ▶ 살레시오여고 ▶ 조선대 ▶ 서남동행정복지센터 ▶ 문화전당역 ▶ 국립아시아문화전당(구.도청) ▶ 충장치안센터 ▶ 중앙대교(동) ▶ 사직공원앞 ▶ 양림교 ▶ 학강초교 ▶ 기독병원 ▶ 수피아여고 ▶ 석산고 ▶ 서광중 ▶ 백운우체국 ▶ 남구청 ▶ 주월중입구 ▶ 봉선대화아파트 ▶ 문성고 ▶ 진월리채3차 ▶ 진월저수지(동) ▶ 송화마을3단지 ▶ 송화마을4단지 ▶ 조각배어린이공원 ▶ 빛고을노인건강타운 ▶ 고령친화종합체험관 ▶ 빛고을전남대병원 ▶ 덕남마을 입구,57,덕남마을 입구 ▶ 고령친화종합체험관 ▶ 빛고을노인건강타운 ▶ 조각배어린이공원 ▶ 송화마을4단지 ▶ 송화마을3단지 ▶ 진월저수지(동) ▶ 진월리채3차 ▶ 문성고 ▶ 봉선대화아파트 ▶ 주월중입구 ▶ 남구청 ▶ 백운우체국 ▶ 서광중 ▶ 석산고 ▶ 수피아여고 ▶ 기독병원 ▶ 학강초교 ▶ 학강교 ▶ 양림교 ▶ 사직공원앞 ▶ 중앙대교(동) ▶ 충장치안센터 ▶ 국립아시아문화전당(구.도청) ▶ 문화전당역 ▶ 서남동행정복지센터 ▶ 살레시오여고 ▶ 법원입구 ▶ 산수동우체국 ▶ 동진맨션 ▶ 계림초교후문 ▶ 4.19기념관 ▶ 중흥초교 ▶ 광주역 ▶ 신안사거리 ▶ 전남대사거리(동) ▶ 중흥삼거리 ▶ 효동초교입구 ▶ 북구차량등록민원실 ▶ 북구청 ▶ 동부시장 ▶ 말바우시장(서) ▶ 동강대후문 ▶ 청명아파트 ▶ 덕산아파트 ▶ 문화초교 ▶ 신흥맨션 ▶ 각화무등파크 ▶ 각화초교 ▶ 각화금호아파트 ▶ 동광주IC입구 ▶ 농산물공판장 ▶ 문흥지구입구(남) ▶ 문흥지구입구(동) ▶ 도동고개 ▶ 도선사 ▶ 장등동
지원56,월남동,엔씨백화점,40,월남동 ▶ 주남 ▶ 녹동 ▶ 지원화훼단지 ▶ 지원2동행정복지센터 ▶ 용산초교 ▶ 용산지구모아엘가에듀파크 ▶ 용산지구대성베르힐 ▶ 남구문화예술회관 ▶ 봉선2동행정복지센터 ▶ 봉선삼익아파트(남) ▶ 봉선삼익사거리 ▶ 모아2차아파트 ▶ 라인효친 ▶ 송림주택 ▶ 방림삼거리 ▶ 학림교 ▶ 양림휴먼시아2차 ▶ 양림휴먼시아1차 ▶ 남광주농협 ▶ 주월주택단지 ▶ 신우아파트 ▶ 월산5동 ▶ 월산4동 ▶ 건강협회 ▶ 상공회의소 ▶ 서석고 ▶ 화정역 ▶ 화정현대아파트 ▶ 기아자동차 ▶ 광주종합버스터미널 ▶ 현대자동차 ▶ 광천초교 ▶ 농성1동행정복지센터 ▶ 서광주전화국 ▶ 돌고개역(동) ▶ 양동시장역(남) ▶ 양동교차로 ▶ 유동사거리 ▶ 엔씨백화점,40,엔씨백화점 ▶ 광주역 ▶ 신안사거리 ▶ 유동사거리 ▶ 양동교차로 ▶ 양동시장역(남) ▶ 돌고개역(동) ▶ 서광주전화국 ▶ 농성1동행정복지센터 ▶ 광천초교 ▶ 현대자동차 ▶ 광주종합버스터미널 ▶ 기아자동차 ▶ 화정현대아파트 ▶ 화정역 ▶ 서석고 ▶ 상공회의소 ▶ 건강협회 ▶ 월산4동 ▶ 월산5동 ▶ 신우아파트 ▶ 주월주택단지 ▶ 남광주농협 ▶ 양림휴먼시아1차 ▶ 양림휴먼시아2차 ▶ 학림교 ▶ 방림삼거리 ▶ 송림주택 ▶ 라인효친 ▶ 모아2차아파트 ▶ 봉선삼익사거리 ▶ 봉선삼익아파트(남) ▶ 봉선2동행정복지센터 ▶ 남구문화예술회관 ▶ 용산지구대성베르힐 ▶ 용산지구모아엘가에듀파크 ▶ 용산초교 ▶ 지원2동행정복지센터 ▶ 녹동 ▶ 월남동
금남57,살레시오고/교통문화연수원,조선대해오름관,50,살레시오고/교통문화연수원 ▶ 살레시오고입구 ▶ 명상의집 ▶ 우치공원 ▶ 생룡 ▶ 지산마을 ▶ 용전사거리(남) ▶ 지산입구 ▶ 지산초교 ▶ 대원정사 ▶ 호남권역재활병원 ▶ 건국동행정복지센터 ▶ 건국지구대 ▶ 지산중 ▶ 양산호반2차 ▶ 양산택지사거리 ▶ 광주은행양산동지점 ▶ 양산초교입구 ▶ 양산호수공원 ▶ 북구문화센터/KT&G광주공장 ▶ 롯데칠성 ▶ 코카콜라 ▶ 오비맥주 ▶ 향토음식박물관 ▶ 국제고 ▶ 삼각그린타운 ▶ 고려고 ▶ 광주공고입구 ▶ 오치초교 ▶ 용주초교 ▶ 유창아파트 ▶ 신안교입구 ▶ 용봉2휴먼시아아파트 ▶ 전대치과병원 ▶ 전남대 ▶ 신안사거리 ▶ 광주역(동) ▶ 중흥초교 ▶ 중흥1동행정복지센터 ▶ 대인광장(동) ▶ 롯데백화점(북) ▶ 금남로5가역 ▶ 금남로4가역 ▶ 예술의거리입구 ▶ 전남여고 ▶ 동구청 ▶ 서남동행정복지센터 ▶ 조선대장미원 ▶ 조선대대학원 ▶ 조선대해오름관,48,조선대해오름관 ▶ 조선대장미원 ▶ 서남동행정복지센터 ▶ 문화전당역 ▶ 국립아시아문화전당(구.도청) ▶ 금남로4가역 ▶ 금남로5가역 ▶ 롯데백화점 ▶ 대인광장(동) ▶ 중흥1동행정복지센터 ▶ 중흥초교 ▶ 광주역 ▶ 신안사거리 ▶ 전남대 ▶ 전대치과병원 ▶ 용봉2휴먼시아아파트 ▶ 신안교입구 ▶ 유창아파트 ▶ 용주초교 ▶ 오치초교 ▶ 광주공고입구 ▶ 고려고 ▶ 삼각그린타운 ▶ 국제고 ▶ 향토음식박물관 ▶ 오비맥주 ▶ 코카콜라 ▶ 롯데칠성 ▶ 북구문화센터/KT&G광주공장 ▶ 양산호수공원 ▶ 양산초교입구 ▶ 광주은행양산동지점 ▶ 양산택지사거리 ▶ 양산호반2차 ▶ 지산중 ▶ 건국지구대 ▶ 건국동행정복지센터 ▶ 호남권역재활병원 ▶ 대원정사 ▶ 지산초교 ▶ 지산입구 ▶ 용전사거리(남) ▶ 지산마을 ▶ 생룡 ▶ 우치공원 ▶ 명상의집 ▶ 살레시오고입구 ▶ 살레시오고/교통문화연수원
금남58,동림삼익아파트,문화전당역,23,동림삼익아파트 ▶ 동림교 ▶ 동천우미린아파트 ▶ 서영대 ▶ 운암초교 ▶ 운암도서관 ▶ 운암벽산블루밍 ▶ 광주예술의전당 ▶ 운암시장 ▶ 경신여고 ▶ 광주기아챔피언스필드입구 ▶ 태봉새마을금고 ▶ 신안동행정복지센터 ▶ 신안사거리 ▶ 광주역 ▶ 유동사거리 ▶ 수창초교후문 ▶ 대인광장(서) ▶ 동부소방서 ▶ 대인시장(서) ▶ 전남여고 ▶ 동구청 ▶ 문화전당역,22,문화전당역 ▶ 국립아시아문화전당(구.도청) ▶ 예술의거리입구 ▶ 대인시장(서) ▶ 동부소방서 ▶ 대인광장(서) ▶ 수창초교후문 ▶ 유동사거리 ▶ 엔씨백화점 ▶ 광주역 ▶ 신안사거리 ▶ 신안동행정복지센터 ▶ 태봉새마을금고 ▶ 한국국토정보공사광주중부지사 ▶ 중앙여고 ▶ 광주예술의전당 ▶ 운암도서관 ▶ 운암초교 ▶ 서영대 ▶ 동천우미린아파트 ▶ 동림교 ▶ 동림삼익아파트
금남59,매월동(북),덕남,53,매월동(북) ▶ 대동고 ▶ 화훼단지 ▶ 공구단지 ▶ 풍암사거리(동) ▶ 마재우체국 ▶ 풍암저수지 ▶ 풍암모아아파트 ▶ 풍암한신아파트 ▶ 풍암한국아파트 ▶ 신암마을 ▶ 풍암금호아파트 ▶ 풍암우미아파트 ▶ 서구국민체육센터 ▶ 월드컵경기장주차장 ▶ 월드컵경기장정문 ▶ 화정우성아파트 ▶ 화정남초교 ▶ 염주사거리(동) ▶ 염주맨션 ▶ 화정중 ▶ 유니버시아드힐스테이트 ▶ 농성파출소 ▶ 서광주한전 ▶ 돌고개역(동) ▶ 양동시장역(북) ▶ 양동복개쇼핑센터 ▶ 천교 ▶ 광주공원 ▶ 충장치안센터 ▶ 국립아시아문화전당(구.도청) ▶ 문화전당역 ▶ 전남대병원오거리/남동성당 ▶ 전남대병원.남광주시장 ▶ 남광주역 ▶ 양림휴먼시아2차 ▶ 양림휴먼시아1차 ▶ 봉선초교 ▶ 봉선시장 ▶ 제석초교 ▶ 봉선대화아파트 ▶ 문성고 ▶ 진월리채3차 ▶ 진월저수지(동) ▶ 송화마을3단지 ▶ 송화마을5단지 ▶ 노대제 ▶ 조각배어린이공원 ▶ 빛고을노인건강타운 ▶ 고령친화종합체험관 ▶ 빛고을전남대병원 ▶ 덕남마을 입구 ▶ 덕남,52,덕남 ▶ 덕남마을 입구 ▶ 고령친화종합체험관 ▶ 빛고을노인건강타운 ▶ 조각배어린이공원 ▶ 노대제 ▶ 송화마을5단지 ▶ 진월남양휴튼 ▶ 송화마을3단지 ▶ 진월저수지(동) ▶ 진월리채3차 ▶ 문성고 ▶ 봉선대화아파트 ▶ 제석초교 ▶ 봉선시장 ▶ 봉선초교 ▶ 양림휴먼시아1차 ▶ 양림휴먼시아2차 ▶ 남광주역 ▶ 전남대병원.남광주시장 ▶ 전남대병원오거리/남동성당 ▶ 문화전당역 ▶ 국립아시아문화전당(구.도청) ▶ 충장치안센터 ▶ 광주공원 ▶ 천교 ▶ 양동복개쇼핑센터 ▶ 양동시장역(북) ▶ 돌고개역(서) ▶ 농성파출소 ▶ 유니버시아드힐스테이트 ▶ 화정중 ▶ 염주맨션 ▶ 염주사거리(동) ▶ 화정남초교 ▶ 화정우성아파트 ▶ 월드컵경기장정문 ▶ 월드컵경기장주차장 ▶ 서구국민체육센터 ▶ 풍암우미아파트 ▶ 풍암금호아파트 ▶ 신암마을 ▶ 풍암한국아파트 ▶ 풍암한신아파트 ▶ 풍암모아아파트 ▶ 풍암저수지 ▶ 마재우체국 ▶ 풍암사거리(동) ▶ 공구단지 ▶ 화훼단지 ▶ 대동고 ▶ 매월동(북)
양산60,효령노인복지타운,광주종합버스터미널,31,효령노인복지타운 ▶ 전통공예문화학교 ▶ 용전입구 ▶ 용전사거리(북) ▶ 지산입구 ▶ 지산초교 ▶ 대원정사 ▶ 호남권역재활병원 ▶ 건국동행정복지센터 ▶ 건국지구대 ▶ 지산중 ▶ 양산호반2차 ▶ 양산GS그린자이아파트 ▶ 양지마을 ▶ 동아제약 ▶ 양산호수공원 ▶ 북구문화센터/KT&G광주공장 ▶ 롯데칠성 ▶ 해태제과 ▶ 광주다문화가족지원거점센터 ▶ 마당고개 ▶ 운암우성아파트 ▶ 운암3동행정복지센터 ▶ 운암초교 ▶ 서영대 ▶ 광림초교입구 ▶ 광암교입구 ▶ 공구의거리 ▶ 제2광천교 ▶ 광천치안센터 ▶ 광주종합버스터미널,31,광주종합버스터미널 ▶ 광천치안센터 ▶ 공구의거리 ▶ 광암교입구 ▶ 동천마을6단지 ▶ 서영대 ▶ 운암초교 ▶ 운암3동행정복지센터 ▶ 운암우성아파트 ▶ 마당고개 ▶ 광주다문화가족지원거점센터 ▶ 해태제과 ▶ 롯데칠성 ▶ 북구문화센터/KT&G광주공장 ▶ 양산호수공원 ▶ 동아제약 ▶ 양지마을 ▶ 양산GS그린자이아파트 ▶ 양산호반2차 ▶ 지산중 ▶ 건국지구대 ▶ 건국동행정복지센터 ▶ 호남권역재활병원 ▶ 대원정사 ▶ 지산초교 ▶ 지산입구 ▶ 용전사거리(북) ▶ 대진운수 ▶ 용전입구 ▶ 전통공예문화학교 ▶ 효령노인복지타운
매월61,칠석,조선대해오름관,52,칠석 ▶ 하칠석.고싸움전수관 ▶ 상칠석 ▶ 도촌 ▶ 지석사거리 ▶ 대촌한일베라체 ▶ 한국기초과학지원연구원 ▶ 한국전기연구원 ▶ 개동 ▶ 학동(서창) ▶ 용두입구 ▶ 서창치안센터 ▶ 중촌 ▶ 절골입구(서) ▶ 매월동(동) ▶ 대동고 ▶ 서부자동차매매단지 ▶ 종합유통단지 ▶ 서부농수산물도매시장 ▶ 공구단지 ▶ 풍암사거리(동) ▶ 마재부영아파트 ▶ 마재대주아파트 ▶ 서구문화센터 ▶ 금호한국아파트 ▶ 금호시영아파트 ▶ CBS방송국 ▶ 상무중 ▶ 광주학생독립운동기념관 ▶ 쌍촌시영아파트 ▶ 종합건설본부 ▶ 염주사거리(동) ▶ 염주맨션 ▶ 화정중 ▶ 유니버시아드힐스테이트 ▶ 농성파출소 ▶ 서광주한전 ▶ 돌고개역(동) ▶ 양동시장역(북) ▶ 양동복개쇼핑센터 ▶ 천교 ▶ 광주학생운동기념탑 ▶ 금남로5가역 ▶ 금남로4가역 ▶ 5.18민주화운동기록관 ▶ 국립아시아문화전당(구.도청) ▶ 문화전당역 ▶ 서남동행정복지센터 ▶ 조선대병원입구 ▶ 조선대장미원 ▶ 조선대대학원 ▶ 조선대해오름관,49,조선대해오름관 ▶ 조선대장미원 ▶ 조선대병원입구 ▶ 서남동행정복지센터 ▶ 문화전당역 ▶ 국립아시아문화전당(구.도청) ▶ 금남로4가역 ▶ 금남로5가역 ▶ 광주학생운동기념탑 ▶ 천교 ▶ 양동복개쇼핑센터 ▶ 양동시장역(북) ▶ 돌고개역(서) ▶ 농성파출소 ▶ 유니버시아드힐스테이트 ▶ 화정중 ▶ 염주맨션 ▶ 염주사거리(서) ▶ 쌍촌시영아파트 ▶ 광주학생독립운동기념관 ▶ 치평중 ▶ 금호초교 ▶ CBS방송국 ▶ 금호시영아파트 ▶ 금호한국아파트 ▶ 서구문화센터 ▶ 마재대주아파트 ▶ 마재부영아파트 ▶ 풍암사거리(동) ▶ 공구단지 ▶ 서부농수산물도매시장 ▶ 종합유통단지 ▶ 서부자동차매매단지 ▶ 대동고 ▶ 매월동(동) ▶ 절골입구(서) ▶ 중촌 ▶ 서창치안센터 ▶ 용두입구 ▶ 학동(서창) ▶ 개동 ▶ 한국전기연구원 ▶ 한국기초과학지원연구원 ▶ 대촌한일베라체 ▶ 지석사거리 ▶ 도촌 ▶ 상칠석 ▶ 하칠석.고싸움전수관 ▶ 칠석
상무62(시청경유상무역행),상무지구,상무지구종점,49,상무지구 ▶ 계수초교 ▶ 상무대우아파트 ▶ 시청 ▶ 5.18기념문화센터 ▶ 모아제일아파트 ▶ 상무호반3차 ▶ 유덕초교 ▶ 칠성마을사거리 ▶ 동천동행정복지센터 ▶ 동천마을3단지 ▶ 동천마을1단지 ▶ 동림I.C입구 ▶ 광신대교 ▶ 풍영정입구 ▶ 운남중학교 ▶ 운남동행정복지센터 ▶ 광산구노인복지관 ▶ 영천초교 ▶ 월곡시장 ▶ 월곡일신아파트 ▶ 월곡중학교 ▶ 월곡초등학교 ▶ 송우초등학교 ▶ 상수도광산요금센터 ▶ 우산리버힐아파트 ▶ 우산빛여울채아파트(동) ▶ 광주경찰청입구 ▶ 광주인력개발원 ▶ 소촌스위트밸리 ▶ 어룡초교 ▶ 정광고입구 ▶ 중앙초교 ▶ 소촌서라아파트 ▶ 금호타이어 ▶ 영광통 ▶ 송정공원역 ▶ 송정파출소(북) ▶ 공항역 ▶ 장암마을 ▶ 서창입구 ▶ 월암 ▶ 김대중컨벤션센터(마륵)역 ▶ 전남고입구 ▶ 상무역(북)(상무62) ▶ 상무쌍용금호아파트 ▶ 운천초교 ▶ 계수초교 ▶ 상무지구종점,0,
상무62(상무역경유시청행),상무지구,상무지구,50,상무지구 ▶ 상무한국아파트 ▶ 한국수자원공사 ▶ 농협운천지점 ▶ 상무역 ▶ 전남고입구 ▶ 김대중컨벤션센터(마륵)역 ▶ 월암 ▶ 서창입구 ▶ 장암마을 ▶ 공항역 ▶ 송정파출소(북) ▶ 송정공원역 ▶ 영광통 ▶ 금호타이어 ▶ 소촌서라아파트 ▶ 중앙초교 ▶ 정광고입구 ▶ 어룡초교 ▶ 소촌스위트밸리 ▶ 광주인력개발원 ▶ 광주경찰청입구 ▶ 우산빛여울채아파트(동) ▶ 우산리버힐아파트 ▶ 상수도광산요금센터 ▶ 송우초등학교 ▶ 월곡초등학교 ▶ 월곡중학교 ▶ 월곡일신아파트 ▶ 월곡시장 ▶ 영천초교 ▶ 광산구노인복지관 ▶ 운남동행정복지센터 ▶ 운남중학교 ▶ 풍영정입구 ▶ 광신대교 ▶ 동림I.C입구 ▶ 동천마을1단지 ▶ 동천마을3단지 ▶ 동천동행정복지센터 ▶ 칠성마을사거리 ▶ 유덕초교 ▶ 상무호반3차 ▶ 모아제일아파트 ▶ 5.18기념문화센터 ▶ 시청 ▶ 한국은행 ▶ 한국국토정보공사 ▶ 계수초교 ▶ 상무지구,0,
상무63,상무지구,대한적십자사,27,상무지구 ▶ 상무시민공원 ▶ 보훈회관(5.18민주화운동교육관) ▶ 5.18자유공원 ▶ 상무금호아파트 ▶ 상무해광한신아파트 ▶ 계수초교 ▶ 상무대우아파트 ▶ 시청 ▶ 5.18기념문화센터 ▶ 모아제일아파트 ▶ 상무호반3차 ▶ 유덕초교 ▶ 칠성마을사거리 ▶ 동천동행정복지센터 ▶ 동천우미린아파트 ▶ 서영대 ▶ 운암초교 ▶ 운암도서관 ▶ 광주예술의전당후문 ▶ 체육고.폴리텍대학 ▶ 국립광주박물관 ▶ 시립역사민속박물관 ▶ 용봉쌍용아파트 ▶ 공간아파트 ▶ 매곡대화아파트 ▶ 대한적십자사,27,대한적십자사 ▶ 매곡대화아파트 ▶ 매곡삼익아파트 ▶ 용봉쌍용아파트 ▶ 시립역사민속박물관 ▶ 국립광주박물관 ▶ 체육고.폴리텍대학 ▶ 운암도서관 ▶ 운암초교 ▶ 서영대 ▶ 동천우미린아파트 ▶ 동천동행정복지센터 ▶ 칠성마을사거리 ▶ 유덕초교 ▶ 상무호반3차 ▶ 모아제일아파트 ▶ 5.18기념문화센터 ▶ 시청 ▶ 한국은행 ▶ 한국국토정보공사 ▶ 계수초교 ▶ 상무해광한신아파트 ▶ 상무금호아파트 ▶ 5.18자유공원 ▶ 보훈회관(5.18민주화운동교육관) ▶ 상무시민공원 ▶ 상무지구
상무64,세하동,비엔날레전시관,36,세하동 ▶ 동하 ▶ 마산(서창) ▶ 서창농협벽진지점 ▶ 서창사거리 ▶ 서창입구 ▶ 월암 ▶ 김대중컨벤션센터(마륵)역(북) ▶ 김대중컨벤션센터 ▶ 5.18자유공원 ▶ 상무금호아파트 ▶ 상무중흥아파트 ▶ 운천초교 ▶ 상무대우아파트 ▶ 시청 ▶ 5.18기념문화센터 ▶ 모아제일아파트 ▶ 쌍촌현대아파트 ▶ 솔뫼타운 ▶ 해태아파트 ▶ 기아자동차 ▶ 광주종합버스터미널 ▶ 광천치안센터 ▶ 제2광천교 ▶ 경신여고 ▶ 광주지방기상청 ▶ 신안교 ▶ 용봉초교 ▶ 전남대 ▶ 전대치과병원 ▶ 용봉2휴먼시아아파트 ▶ 신안교입구 ▶ 유창아파트 ▶ 용봉동성당 ▶ 용봉현대3차아파트 ▶ 비엔날레전시관,36,비엔날레전시관 ▶ 용봉현대3차아파트 ▶ 용봉동성당 ▶ 유창아파트 ▶ 신안교입구 ▶ 용봉2휴먼시아아파트 ▶ 전대치과병원 ▶ 전남대 ▶ 전남대사거리(서) ▶ 용봉초교 ▶ 신안교 ▶ 광주지방기상청 ▶ 경신여고 ▶ 제2광천교 ▶ 광천치안센터 ▶ 광주종합버스터미널 ▶ 기아자동차 ▶ 해태아파트 ▶ 쌍촌현대아파트 ▶ 모아제일아파트 ▶ 5.18기념문화센터 ▶ 시청 ▶ 한국은행 ▶ 한국국토정보공사 ▶ 한국수자원공사 ▶ 상무중흥아파트 ▶ 상무금호아파트 ▶ 5.18자유공원 ▶ 김대중컨벤션센터 ▶ 김대중컨벤션센터(마륵)역 ▶ 월암 ▶ 서창사거리 ▶ 서창농협벽진지점 ▶ 마산(서창) ▶ 동하 ▶ 세하동
유덕65,덕흥동,자동차의거리입구,31,덕흥동 ▶ 덕흥마을입구 ▶ 덕흥삼거리 ▶ 유덕2교차로 ▶ 유덕동행정복지센터 ▶ 유촌마을입구 ▶ 극락초교 ▶ 버들주공1단지 ▶ 칠성마을 ▶ 광천동 ▶ 삼우아파트 ▶ 진성아파트 ▶ 광천E편한세상 ▶ 기아차정문 ▶ 광주종합버스터미널 ▶ 현대자동차 ▶ 발산마을 ▶ 발산교(남) ▶ 농성중흥파크 ▶ 서광주전화국 ▶ 돌고개역(동) ▶ 양동시장역(북) ▶ 양동복개쇼핑센터 ▶ 천교 ▶ 광주학생운동기념탑 ▶ 광주일고.광주고용센터 ▶ 유동사거리 ▶ 엔씨백화점 ▶ 광주역 ▶ 신안사거리 ▶ 자동차의거리입구,31,자동차의거리입구 ▶ 서림초교입구 ▶ 요한병원 ▶ 광주역(남) ▶ 유동사거리 ▶ 광주일고.광주고용센터 ▶ 광주학생운동기념탑 ▶ 천교 ▶ 양동복개쇼핑센터 ▶ 양동시장역(북) ▶ 돌고개역(동) ▶ 서광주전화국 ▶ 농성중흥파크 ▶ 발산교(남) ▶ 발산마을 ▶ 현대자동차 ▶ 광주종합버스터미널 ▶ 기아차정문 ▶ 광천E편한세상 ▶ 진성아파트 ▶ 삼우아파트 ▶ 광천동 ▶ 칠성마을 ▶ 버들주공1단지 ▶ 극락초교 ▶ 유촌마을입구 ▶ 유덕동행정복지센터 ▶ 유덕2교차로 ▶ 덕흥삼거리 ▶ 덕흥마을입구 ▶ 덕흥동
송암68,송암공단,KTX체육기지,47,송암공단 ▶ 송원대 ▶ 송암공단입구 ▶ 인성고 ▶ 송암동 ▶ 신효천마을 ▶ 효천초교 ▶ 대동마을 ▶ 신기교 ▶ 조각배어린이공원 ▶ 송화마을4단지 ▶ 송화마을3단지 ▶ 진월저수지(동) ▶ 진월리채3차 ▶ 문성고 ▶ 봉선대화아파트 ▶ 주월중입구 ▶ 남구청 ▶ 백운우체국 ▶ 까치고개 ▶ 대성사거리 ▶ 무진중 ▶ 월산초교 ▶ 동신대한방병원 ▶ 돌고개역(서) ▶ 서구청 ▶ 농성SK뷰 ▶ 화정중흥파크 ▶ 신세계백화점 ▶ 광주종합버스터미널 ▶ 기아차중문 ▶ 광명하이츠후문 ▶ 버들마을 ▶ 계수 ▶ 시청 ▶ 광주무역회관 ▶ 광산우산동행정복지센터 ▶ 광주여대 ▶ 역산공원입구 ▶ 산정중입구 ▶ 산정초교 ▶ 다사로움1차아파트 ▶ 하남초교 ▶ 하남초교(북) ▶ 단전 ▶ 돈보스코학교 ▶ KTX체육기지,47,KTX체육기지 ▶ 돈보스코학교 ▶ 단전 ▶ 하남초교(북) ▶ 하남초교 ▶ 다사로움1차아파트 ▶ 산정초교 ▶ 산정중입구 ▶ 역산공원입구 ▶ 광주여대 ▶ 광산우산동행정복지센터 ▶ 광주무역회관 ▶ 시청 ▶ 계수 ▶ 버들마을 ▶ 광명하이츠후문 ▶ 기아차중문 ▶ 광주종합버스터미널 ▶ 신세계백화점 ▶ 화정중흥파크 ▶ 서구청 ▶ 서광주한전 ▶ 동신대한방병원 ▶ 월산초교 ▶ 무진중 ▶ 대성사거리 ▶ 까치고개 ▶ 백운초교(북) ▶ 백운우체국 ▶ 남구청 ▶ 주월중입구 ▶ 봉선대화아파트 ▶ 문성고 ▶ 진월리채3차 ▶ 진월저수지(동) ▶ 송화마을3단지 ▶ 송화마을4단지 ▶ 조각배어린이공원 ▶ 신기교 ▶ 대동마을 ▶ 효천초교 ▶ 신효천마을 ▶ 송암동 ▶ 인성고 ▶ 송암공단입구 ▶ 송원대 ▶ 송암공단
대촌69,칠석,북성중,39,칠석 ▶ 하칠석.고싸움전수관 ▶ 상칠석 ▶ 도촌 ▶ 지석사거리 ▶ 대촌한일베라체 ▶ 한국기초과학지원연구원 ▶ 한국전기연구원 ▶ 개동 ▶ 학동(서창) ▶ 용두입구 ▶ 서창치안센터 ▶ 중촌 ▶ 절골입구(서) ▶ 서창동행정복지센터 ▶ 동하 ▶ 마산(서창) ▶ 서창농협벽진지점 ▶ 서창사거리 ▶ 서창입구 ▶ 월암 ▶ 김대중컨벤션센터(마륵)역 ▶ 전남고입구 ▶ 상무역 ▶ 상무지구입구 ▶ 운천역 ▶ 서광주세무서 ▶ 상무1동행정복지센터 ▶ 한국병원 ▶ 기아차중문 ▶ 광주종합버스터미널 ▶ 현대자동차 ▶ 광천초교 ▶ 농성1동행정복지센터 ▶ 서광주전화국 ▶ 돌고개역(동) ▶ 양동시장역(남) ▶ 양동교차로 ▶ 북성중,39,북성중 ▶ 양동시장역(천변) ▶ 양동시장역(남) ▶ 돌고개역(동) ▶ 서광주전화국 ▶ 농성1동행정복지센터 ▶ 광천초교 ▶ 현대자동차 ▶ 광주종합버스터미널 ▶ 한국병원 ▶ 상무1동행정복지센터 ▶ 쌍촌역 ▶ 한국농어촌공사 ▶ 서광주세무서 ▶ 운천역 ▶ 상무지구입구 ▶ 상무역 ▶ 전남고입구 ▶ 김대중컨벤션센터(마륵)역 ▶ 월암 ▶ 서창사거리 ▶ 서창농협벽진지점 ▶ 마산(서창) ▶ 동하 ▶ 서창동행정복지센터 ▶ 절골입구(서) ▶ 중촌 ▶ 서창치안센터 ▶ 용두입구 ▶ 학동(서창) ▶ 개동 ▶ 한국전기연구원 ▶ 한국기초과학지원연구원 ▶ 대촌한일베라체 ▶ 지석사거리 ▶ 도촌 ▶ 상칠석 ▶ 하칠석.고싸움전수관 ▶ 칠석
대촌70,승촌,예술의거리입구,48,승촌 ▶ 승촌주택단지 ▶ 유촌 ▶ 양촌(대촌) ▶ 학촌 ▶ 무학초교 ▶ 신장 ▶ 육묘장 ▶ 대지동하촌 ▶ 대지동상촌 ▶ 에너지밸리입구 ▶ 한국기초과학지원연구원 ▶ 한국전기연구원 ▶ 대촌한일베라체 ▶ 대촌동행정복지센터 ▶ 하지석 ▶ 상지석 ▶ 원산 ▶ 포충사 ▶ 임암입구 ▶ 이동입구(서) ▶ 임정 ▶ 효천물빛노닐터 ▶ 효천1LH1단지아파트 ▶ 광주김치타운입구 ▶ 중흥에코파크 ▶ 광주효천시티프라디움 ▶ 입암 ▶ 송암동 ▶ 인성고 ▶ 남선산업 ▶ 송하삼익아파트 ▶ 광주대입구 ▶ 동성고 ▶ 대성여고 ▶ 진월대주아파트 ▶ 대광여고 ▶ 백운광장 ▶ 백운우체국 ▶ 까치고개 ▶ 대성사거리 ▶ 월산사거리 ▶ 우진아파트 ▶ 광주학생운동기념탑 ▶ 롯데백화점 ▶ 동부소방서 ▶ 대인시장(서) ▶ 예술의거리입구,47,예술의거리입구 ▶ 충장치안센터 ▶ 광주공원 ▶ 우진아파트 ▶ 월산사거리 ▶ 대성사거리 ▶ 까치고개 ▶ 백운초교(북) ▶ 백운우체국 ▶ 백운광장 ▶ 호남삼육고입구 ▶ 대광여고 ▶ 진월대주아파트 ▶ 대성여고 ▶ 동성고 ▶ 송하삼익아파트 ▶ 남선산업 ▶ 인성고 ▶ 송암동 ▶ 입암 ▶ 광주효천시티프라디움 ▶ 중흥에코파크 ▶ 광주김치타운입구 ▶ 효천1LH1단지아파트 ▶ 효천물빛노닐터 ▶ 임정 ▶ 이동입구(서) ▶ 임암입구 ▶ 포충사 ▶ 원산 ▶ 상지석 ▶ 하지석 ▶ 대촌동행정복지센터 ▶ 대촌한일베라체 ▶ 한국전기연구원 ▶ 한국기초과학지원연구원 ▶ 에너지밸리입구 ▶ 대지동상촌 ▶ 대지동하촌 ▶ 육묘장 ▶ 신장 ▶ 무학초교 ▶ 학촌 ▶ 양촌(대촌) ▶ 유촌 ▶ 승촌주택단지 ▶ 승촌
대촌71,승촌,양동시장역(천변),44,승촌 ▶ 승촌주택단지 ▶ 유촌 ▶ 양촌(대촌) ▶ 도덕 ▶ 구소 ▶ 도덕 ▶ 학촌 ▶ 월성 ▶ 지동 ▶ 화장앞길 ▶ 화장뒷길 ▶ 농막 ▶ 시산 ▶ 석정 ▶ 석교삼거리 ▶ 구룡(대촌) ▶ 마현 ▶ 신용 ▶ 봉학 ▶ 용두입구 ▶ 서창치안센터 ▶ 중촌 ▶ 절골입구(서) ▶ 불암 ▶ 매월동(북) ▶ 대동고 ▶ 화훼단지 ▶ 공구단지 ▶ 풍암사거리(동) ▶ 마재우체국 ▶ 풍암저수지 ▶ 원광대한방병원 ▶ 금당중 ▶ 서남하이츠(국제양궁장) ▶ 무등시장입구(남) ▶ 백운초교(남) ▶ 까치고개 ▶ 대성사거리 ▶ 월산사거리 ▶ 우진아파트 ▶ 천교 ▶ 양동복개쇼핑센터 ▶ 양동시장역(천변),44,양동시장역(천변) ▶ 양동복개쇼핑센터 ▶ 천교 ▶ 우진아파트 ▶ 월산사거리 ▶ 대성사거리 ▶ 까치고개 ▶ 백운초교(남) ▶ 무등시장입구(남) ▶ 서남하이츠(국제양궁장) ▶ 금당중 ▶ 원광대한방병원 ▶ 풍암저수지 ▶ 마재우체국 ▶ 풍암사거리(동) ▶ 공구단지 ▶ 화훼단지 ▶ 대동고 ▶ 매월동(북) ▶ 불암 ▶ 절골입구(서) ▶ 중촌 ▶ 서창치안센터 ▶ 용두입구 ▶ 봉학 ▶ 신용 ▶ 마현 ▶ 구룡(대촌) ▶ 석교삼거리 ▶ 석정 ▶ 시산 ▶ 농막 ▶ 화장뒷길 ▶ 화장앞길 ▶ 지동 ▶ 월성 ▶ 학촌 ▶ 도덕 ▶ 구소 ▶ 도덕 ▶ 양촌(대촌) ▶ 유촌 ▶ 승촌주택단지 ▶ 승촌
송암72,송암공단,수완지구,62,송암공단 ▶ 송암공단입구 ▶ 송원대 ▶ 동명회.송원고 ▶ 운리마을 ▶ 풍암대주아파트 ▶ 풍암사거리(동) ▶ 마재부영아파트 ▶ 마재대주아파트 ▶ 서구문화센터 ▶ 금호한국아파트 ▶ 금호시영아파트 ▶ CBS방송국 ▶ 상무중 ▶ 운천저수지 ▶ 운천역 ▶ 서광주세무서 ▶ 상무1동행정복지센터 ▶ 한국병원 ▶ 솔뫼타운 ▶ 해태아파트 ▶ 화정무등파크 ▶ 화정중흥파크 ▶ 서구청 ▶ 서광주한전 ▶ 돌고개역(동) ▶ 양동시장역(북) ▶ 양동교차로 ▶ 유동사거리 ▶ 엔씨백화점 ▶ 광주역 ▶ 신안사거리 ▶ 전남대사거리(서) ▶ 용봉초교 ▶ 신안교 ▶ 광주지방기상청 ▶ 경신여고 ▶ 운암시장 ▶ 운암도서관 ▶ 운암중 ▶ 운암우미아파트 ▶ 시립장애인복지관 ▶ 동림푸른마을 ▶ 산동교 ▶ 반촌/마한유적체험관 ▶ 보건대입구 ▶ 전남공고입구 ▶ 신창용수마을 ▶ 신창초교 ▶ 신창중 ▶ 신창부영2차아파트 ▶ 은빛마을 ▶ 성덕교 ▶ 성덕마을 ▶ 장덕마을 ▶ 고실마을 ▶ 수완양우내안애 ▶ 골옷교 ▶ 수완우미린2차 ▶ 수완건강생활지원센터 ▶ 수완에너지 ▶ 수완지구,62,수완지구 ▶ 수완건강생활지원센터 ▶ 수완우미린2차 ▶ 골옷교 ▶ 수완양우내안애 ▶ 고실마을 ▶ 장덕마을 ▶ 성덕마을 ▶ 성덕교 ▶ 은빛마을 ▶ 신창부영2차아파트 ▶ 신창중 ▶ 신창초교 ▶ 신창용수마을 ▶ 전남공고입구 ▶ 보건대입구 ▶ 반촌/마한유적체험관 ▶ 산동교 ▶ 동림푸른마을 ▶ 시립장애인복지관 ▶ 운암우미아파트 ▶ 운암중 ▶ 운암도서관 ▶ 운암벽산블루밍 ▶ 광주예술의전당 ▶ 운암시장 ▶ 경신여고 ▶ 광주지방기상청 ▶ 신안교 ▶ 용봉초교 ▶ 전남대사거리(서) ▶ 신안사거리 ▶ 광주역 ▶ 유동사거리 ▶ 양동교차로 ▶ 양동시장역(북) ▶ 돌고개역(서) ▶ 서구청 ▶ 농성SK뷰 ▶ 화정중흥파크 ▶ 화정무등파크 ▶ 해태아파트 ▶ 한국병원 ▶ 상무1동행정복지센터 ▶ 쌍촌역 ▶ 한국농어촌공사 ▶ 서광주세무서 ▶ 운천저수지 ▶ 금호초교 ▶ CBS방송국 ▶ 금호시영아파트 ▶ 금호한국아파트 ▶ 서구문화센터 ▶ 마재대주아파트 ▶ 마재부영아파트 ▶ 풍암사거리(동) ▶ 매월종합상가입구 ▶ 운리마을 ▶ 동명회.송원고 ▶ 송원대 ▶ 송암공단입구 ▶ 송암공단
송암73,도산동,동산교차로,54,도산동 ▶ 도산파출소 ▶ 공군부대 ▶ 공군부대후문 ▶ 송정호반아파트 ▶ 도산동행정복지센터 ▶ 송정초교 ▶ 송정대덕아파트 ▶ 상전 ▶ 송정모아아파트 ▶ 송정파출소(남) ▶ 공항역 ▶ 장암마을 ▶ 서창입구 ▶ 월암 ▶ 김대중컨벤션센터(마륵)역 ▶ 전남고입구 ▶ 상무역(북) ▶ 농협운천지점 ▶ 대우디오빌 ▶ 운천저수지 ▶ 상무중 ▶ 광주학생독립운동기념관 ▶ 쌍촌시영아파트 ▶ 종합건설본부 ▶ 염주사거리(동) ▶ 염주맨션 ▶ 화정중 ▶ 유니버시아드힐스테이트 ▶ 건강협회 ▶ 월산4동 ▶ 월산5동 ▶ 신우아파트 ▶ 주월주택단지 ▶ 백운광장 ▶ 호남삼육고입구 ▶ 대광여고 ▶ 진월대주아파트 ▶ 대성여고 ▶ 동성고 ▶ 송하삼익아파트 ▶ 남선산업 ▶ 송암공단입구 ▶ 송원대 ▶ 동명회.송원고 ▶ 운리마을 ▶ 풍암대주아파트 ▶ 풍암사거리(서) ▶ 광주중 ▶ 마재종원아파트 ▶ 만호마을 ▶ 무등교회 ▶ 서광주역 ▶ 동산교차로,53,동산교차로 ▶ 동산교차로(북) ▶ 무등교회 ▶ 만호마을 ▶ 마재종원아파트 ▶ 광주중 ▶ 동산교차로(남) ▶ 매월종합상가입구 ▶ 운리마을 ▶ 동명회.송원고 ▶ 송원대 ▶ 송암공단입구 ▶ 남선산업 ▶ 송하삼익아파트 ▶ 광주대입구 ▶ 동성고 ▶ 대성여고 ▶ 진월대주아파트 ▶ 대광여고 ▶ 백운광장 ▶ 주월주택단지 ▶ 신우아파트 ▶ 월산5동 ▶ 월산4동 ▶ 건강협회(남) ▶ 유니버시아드힐스테이트 ▶ 화정중 ▶ 염주맨션 ▶ 염주사거리(서) ▶ 쌍촌시영아파트 ▶ 광주학생독립운동기념관 ▶ 치평중 ▶ 상무중 ▶ 운천저수지 ▶ 대우디오빌 ▶ 농협운천지점 ▶ 상무역 ▶ 전남고입구 ▶ 김대중컨벤션센터(마륵)역 ▶ 월암 ▶ 서창입구 ▶ 장암마을 ▶ 공항역 ▶ 송정모아아파트 ▶ 상전 ▶ 송정대덕아파트 ▶ 송정초교 ▶ 도산동행정복지센터 ▶ 송정호반아파트 ▶ 공군부대후문 ▶ 공군부대 ▶ 도산파출소 ▶ 도산동
송암74,송암공단,장등동,53,송암공단 ▶ 송암공단입구 ▶ 송원대 ▶ 동명회.송원고 ▶ 운리마을 ▶ 풍암SK뷰 ▶ 풍암동부센트레빌 ▶ 운리초교입구 ▶ 마재부영아파트 ▶ 마재대주아파트 ▶ 서구문화센터 ▶ 금호도개공아파트 ▶ 금호모아아파트 ▶ 월드컵경기장 ▶ 염주체육관 ▶ 럭키아파트 ▶ 화정남초교 ▶ 염주사거리(동) ▶ 염주맨션 ▶ 화정중 ▶ 유니버시아드힐스테이트 ▶ 농성파출소 ▶ 서광주한전 ▶ 동신대한방병원 ▶ 월산초교 ▶ 무진중 ▶ 대성초교 ▶ 향교 ▶ 중앙대교(서) ▶ 충장치안센터 ▶ 예술의거리입구 ▶ 전남여고 ▶ 동구노인종합복지관 ▶ 농장다리 ▶ 법원입구 ▶ 산수오거리 ▶ 두암지구입구 ▶ 풍향시장 ▶ 교대금호어울림 ▶ 두암주공입구 ▶ 두암초교 ▶ 문화초교 ▶ 신흥맨션 ▶ 각화무등파크 ▶ 각화초교 ▶ 각화금호아파트 ▶ 동광주IC입구 ▶ 농산물공판장 ▶ 문흥지구입구(남) ▶ 문흥지구입구(동) ▶ 도동고개 ▶ 도선사 ▶ 장등동,50,장등동 ▶ 도선사 ▶ 문흥지구입구(남) ▶ 농산물공판장 ▶ 각화금호아파트 ▶ 각화무등파크 ▶ 신흥맨션 ▶ 문화초교 ▶ 두암초교 ▶ 두암주공입구 ▶ 교대금호어울림 ▶ 풍향시장 ▶ 두암지구입구 ▶ 산수오거리 ▶ 법원입구 ▶ 농장다리 ▶ 동구노인종합복지관 ▶ 전남여고 ▶ 예술의거리입구 ▶ 충장동행정복지센터 ▶ 향교 ▶ 대성초교 ▶ 무진중 ▶ 월산초교 ▶ 동신대한방병원 ▶ 돌고개역(서) ▶ 농성파출소 ▶ 유니버시아드힐스테이트 ▶ 화정중 ▶ 염주맨션 ▶ 염주사거리(동) ▶ 화정남초교 ▶ 럭키아파트 ▶ 염주체육관 ▶ 월드컵경기장 ▶ 금호모아아파트 ▶ 금호도개공아파트 ▶ 서구문화센터 ▶ 마재대주아파트 ▶ 마재부영아파트 ▶ 운리초교입구 ▶ 풍암동부센트레빌 ▶ 풍암SK뷰 ▶ 풍암대주아파트 ▶ 매월종합상가입구 ▶ 운리마을 ▶ 동명회.송원고 ▶ 송원대 ▶ 송암공단입구 ▶ 송암공단
진월75,송암공단,도산동,53,송암공단 ▶ 송원대 ▶ 송암공단입구 ▶ 인성고 ▶ 송암동 ▶ 신효천마을 ▶ 효천초교 ▶ 대동마을 ▶ 신기교 ▶ 조각배어린이공원 ▶ 노대제 ▶ 송화마을5단지 ▶ 진월남양휴튼 ▶ 송화마을3단지 ▶ 진월저수지(서) ▶ 진월동행정복지센터 ▶ 광주대입구 ▶ 동성고 ▶ 대성여고 ▶ 진월대주아파트 ▶ 대광여고 ▶ 호남삼육고 ▶ 서남하이츠(국제양궁장) ▶ 금당중 ▶ 원광대한방병원 ▶ 풍암우미아파트 ▶ 풍암금호아파트 ▶ 신암마을 ▶ 풍암한국아파트 ▶ 풍암한신아파트 ▶ 풍암모아아파트 ▶ 풍암저수지 ▶ 마재우체국 ▶ 마재부영아파트 ▶ 마재대주아파트 ▶ 서창농협 ▶ 만호초교 ▶ 만호마을 ▶ 무등교회 ▶ 다사랑병원 ▶ 서창농협벽진지점 ▶ 서창사거리 ▶ 장암마을 ▶ 공항역 ▶ 송정파출소(북) ▶ 송정공원역 ▶ 영광통 ▶ 광산구청 ▶ 광주송정역 ▶ 신동사거리 ▶ 도산역 ▶ 도산파출소 ▶ 도산동,54,도산동 ▶ 도산파출소 ▶ 도산역 ▶ 신동사거리 ▶ 광주송정역 ▶ 광산구청 ▶ 영광통 ▶ 송정공원역 ▶ 송정파출소(북) ▶ 공항역 ▶ 장암마을 ▶ 서창사거리 ▶ 서창농협벽진지점 ▶ 다사랑병원 ▶ 동산교차로 ▶ 동산교차로(북) ▶ 무등교회 ▶ 만호마을 ▶ 만호초교 ▶ 서창농협 ▶ 서구문화센터 ▶ 마재대주아파트 ▶ 마재부영아파트 ▶ 마재우체국 ▶ 풍암저수지 ▶ 풍암모아아파트 ▶ 풍암한신아파트 ▶ 풍암한국아파트 ▶ 신암마을 ▶ 풍암금호아파트 ▶ 풍암우미아파트 ▶ 원광대한방병원 ▶ 금당중 ▶ 서남하이츠(국제양궁장) ▶ 호남삼육고 ▶ 대광여고 ▶ 진월대주아파트 ▶ 대성여고 ▶ 동성고 ▶ 송화마을1단지입구 ▶ 송화마을1단지 ▶ 진남초교 ▶ 송화마을5단지 ▶ 노대제 ▶ 조각배어린이공원 ▶ 신기교 ▶ 대동마을 ▶ 효천초교 ▶ 신효천마을 ▶ 송암동 ▶ 인성고 ▶ 송암공단입구 ▶ 송원대 ▶ 송암공단
봉선76,송암공단,무등산국립공원(증심사),45,송암공단 ▶ 송원대 ▶ 송암공단입구 ▶ 입하마을 ▶ 광주효천시티프라디움 ▶ 입암 ▶ 신효천마을 ▶ 효천초교 ▶ 대동마을 ▶ 신기교 ▶ 조각배어린이공원 ▶ 노대제 ▶ 송화마을5단지 ▶ 진월남양휴튼 ▶ 송화마을3단지 ▶ 진월저수지(동) ▶ 진월리채3차 ▶ 문성고 ▶ 구남구청 ▶ 조봉초교 ▶ 봉선삼익아파트(남) ▶ 봉선삼익아파트(북) ▶ 유안초교 ▶ 라인효친 ▶ 모아2차아파트 ▶ 봉선초교 ▶ 양림휴먼시아1차 ▶ 양림휴먼시아2차 ▶ 학림교 ▶ 방림교 ▶ 우영아파트 ▶ 빛고을복지회관 ▶ 가야농원 ▶ 용산교(동구) ▶ 지원2동행정복지센터입구 ▶ 소태역 ▶ 광주남초교 ▶ 동구문화센터 ▶ 학동평화맨션 ▶ 홍림교 ▶ 연진회미술원 ▶ 운림중 ▶ 학운초교 ▶ 성촌마을.전통문화관 ▶ 무등산국립공원(증심사),45,무등산국립공원(증심사) ▶ 성촌마을.전통문화관 ▶ 학운초교 ▶ 동산마을입구 ▶ 운림중 ▶ 연진회미술원 ▶ 홍림교 ▶ 학동무등파크 ▶ 삼익세라믹 ▶ 동구문화센터 ▶ 광주남초교 ▶ 소태역 ▶ 지원2동행정복지센터입구 ▶ 용산교(동구) ▶ 가야농원 ▶ 빛고을복지회관 ▶ 백화아파트 ▶ 방림교 ▶ 학림교 ▶ 양림휴먼시아2차 ▶ 양림휴먼시아1차 ▶ 봉선초교 ▶ 모아2차아파트 ▶ 라인효친 ▶ 유안초교 ▶ 봉선삼익아파트(북) ▶ 봉선삼익아파트(남) ▶ 조봉초교 ▶ 문성고 ▶ 진월리채3차 ▶ 진월저수지(동) ▶ 송화마을3단지 ▶ 송화마을5단지 ▶ 노대제 ▶ 조각배어린이공원 ▶ 신기교 ▶ 대동마을 ▶ 효천초교 ▶ 신효천마을 ▶ 입암 ▶ 광주효천시티프라디움 ▶ 입하마을 ▶ 송암공단입구 ▶ 송원대 ▶ 송암공단
진월77,세하동,노대,37,세하동 ▶ 서창동행정복지센터 ▶ 절골입구(북) ▶ 매월동(동) ▶ 대동고 ▶ 화훼단지 ▶ 공구단지 ▶ 풍암사거리(동) ▶ 마재부영아파트 ▶ 마재호반아파트 ▶ 마재종원아파트 ▶ 만호초교 ▶ 금호한국아파트 ▶ 금호시영아파트 ▶ CBS방송국 ▶ 상무중 ▶ 광주학생독립운동기념관 ▶ 쌍촌시영아파트 ▶ 종합건설본부 ▶ 염주사거리(동) ▶ 염주맨션 ▶ 주월초교 ▶ 월산마을 ▶ 제일맨션 ▶ 명지맨션 ▶ 무등시장 ▶ 무등시장입구(북) ▶ 호남삼육고 ▶ 대광여고 ▶ 진월대주아파트 ▶ 대성여고 ▶ 동성고 ▶ 금호타운아파트 ▶ 광주대 ▶ 구암 ▶ 빛고을CC ▶ 노대,38,노대 ▶ 빛고을CC ▶ 구암 ▶ 광주대 ▶ 금호타운아파트 ▶ 광주대입구 ▶ 동성고 ▶ 대성여고 ▶ 진월대주아파트 ▶ 대광여고 ▶ 호남삼육고 ▶ 무등시장입구(북) ▶ 무등시장 ▶ 명지맨션 ▶ 제일맨션 ▶ 월산마을 ▶ 주월초교 ▶ 염주맨션 ▶ 염주사거리(서) ▶ 쌍촌시영아파트 ▶ 광주학생독립운동기념관 ▶ 치평중 ▶ 금호초교 ▶ CBS방송국 ▶ 금호시영아파트 ▶ 금호한국아파트 ▶ 서창농협 ▶ 마재종원아파트 ▶ 마재호반아파트 ▶ 마재부영아파트 ▶ 풍암사거리(동) ▶ 공구단지 ▶ 화훼단지 ▶ 대동고 ▶ 매월동(동) ▶ 절골입구(북) ▶ 서창동행정복지센터 ▶ 세하동
진월78,광주김치타운,이동,30,광주김치타운 ▶ 매월종합상가공구단지 ▶ 서부농수산물도매시장 ▶ 공구단지 ▶ 풍암사거리(동) ▶ 마재우체국 ▶ 풍암저수지 ▶ 풍암모아아파트 ▶ 풍암한신아파트 ▶ 풍암한국아파트 ▶ 신암마을 ▶ 풍암금호아파트 ▶ 풍암우미아파트 ▶ 원광대한방병원 ▶ 금당중 ▶ 서남하이츠(국제양궁장) ▶ 호남삼육고 ▶ 대광여고 ▶ 진월대주아파트 ▶ 대성여고 ▶ 동성고 ▶ 송하삼익아파트 ▶ 남선산업 ▶ 인성고 ▶ 송암동 ▶ 입암 ▶ 광곡입구/빛여울초교 ▶ 임정 ▶ 이동입구 ▶ 이동,31,이동 ▶ 이동입구 ▶ 임정 ▶ 광곡입구/빛여울초교 ▶ 입암 ▶ 송암동 ▶ 인성고 ▶ 남선산업 ▶ 송하삼익아파트 ▶ 광주대입구 ▶ 동성고 ▶ 대성여고 ▶ 진월대주아파트 ▶ 대광여고 ▶ 호남삼육고 ▶ 서남하이츠(국제양궁장) ▶ 금당중 ▶ 원광대한방병원 ▶ 풍암우미아파트 ▶ 풍암금호아파트 ▶ 신암마을 ▶ 풍암한국아파트 ▶ 풍암한신아파트 ▶ 풍암모아아파트 ▶ 풍암저수지 ▶ 마재우체국 ▶ 풍암사거리(동) ▶ 공구단지 ▶ 서부농수산물도매시장 ▶ 매월종합상가공구단지 ▶ 광주김치타운
진월79,도동,천교,25,도동 ▶ 효우2로입구 ▶ 대동마을 ▶ 효천초교 ▶ 신효천마을 ▶ 송암동 ▶ 인성고 ▶ 남선산업 ▶ 송하삼익아파트 ▶ 광주대입구 ▶ 동성고 ▶ 대성여고 ▶ 진월대주아파트 ▶ 대광여고 ▶ 백운광장 ▶ 백운우체국 ▶ 까치고개 ▶ 대성사거리 ▶ 무진중 ▶ 월산초교 ▶ 동신대한방병원 ▶ 돌고개역(동) ▶ 양동시장역(남) ▶ 양동복개쇼핑센터 ▶ 천교,24,천교 ▶ 양동복개쇼핑센터 ▶ 양동시장역(남) ▶ 동신대한방병원 ▶ 월산초교 ▶ 무진중 ▶ 대성사거리 ▶ 까치고개 ▶ 백운초교(북) ▶ 백운우체국 ▶ 백운광장 ▶ 호남삼육고입구 ▶ 대광여고 ▶ 진월대주아파트 ▶ 대성여고 ▶ 동성고 ▶ 송하삼익아파트 ▶ 남선산업 ▶ 인성고 ▶ 송암동 ▶ 신효천마을 ▶ 효천초교 ▶ 대동마을 ▶ 도동
문흥80,장등동,금남로4가역,32,장등동 ▶ 도선사 ▶ 문흥지구입구(서) ▶ 문흥라인동산아파트 ▶ 문흥라인아파트 ▶ 문흥중앙초교 ▶ 문화근린공원 ▶ 오정초교입구 ▶ 오치한전옆 ▶ 도로교통공단 대신파크 ▶ 전남대공과대학 ▶ 전남대동문 ▶ 북구청 ▶ 동부시장 ▶ 말바우시장(서) ▶ 말바우시장(남) ▶ 동강대 ▶ 서방시장(북) ▶ 교육대 ▶ 풍향삼거리 ▶ 두암지구입구 ▶ 산수오거리 ▶ 법원 ▶ 매일시장입구 ▶ 살레시오여고 ▶ 조선대 ▶ 서남동행정복지센터 ▶ 문화전당역 ▶ 국립아시아문화전당(구.도청) ▶ 충장치안센터 ▶ 충장로5가입구 ▶ 금남로4가역,32,금남로4가역 ▶ 국립아시아문화전당(구.도청) ▶ 문화전당역 ▶ 서남동행정복지센터 ▶ 살레시오여고 ▶ 매일시장입구 ▶ 법원 ▶ 법원입구 ▶ 산수오거리 ▶ 두암지구입구 ▶ 풍향삼거리 ▶ 교육대 ▶ 서방시장(남) ▶ 동강대 ▶ 말바우시장(서) ▶ 동부시장 ▶ 북구청 ▶ 전남대동문 ▶ 전남대공과대학 ▶ 성산맨션 ▶ 도로교통공단 대신파크 ▶ 오치한전옆 ▶ 오정초교입구 ▶ 문화근린공원 ▶ 문흥중앙초교 ▶ 문흥라인아파트 ▶ 문흥라인동산아파트 ▶ 광주솔로몬로파크 ▶ 문흥지구입구(동) ▶ 도동고개 ▶ 도선사 ▶ 장등동
두암81(각화초교.장등마을),장등마을,장동마을,53,장등마을 ▶ 장동마을 ▶ 망향동산길 ▶ 변전소 ▶ 장등동 ▶ 도선사입구 ▶ 힐스테이트 각화 ▶ 각화중 ▶ 각화초교 ▶ 각화금호아파트 ▶ 광주병원 ▶ 무등도서관 ▶ 말바우시장(동) ▶ 말바우시장(서) ▶ 동부시장 ▶ 북구청 ▶ 북구보건소 ▶ 전남대 ▶ 신안사거리 ▶ 광주역 ▶ 유동사거리 ▶ 광주일고.광주고용센터 ▶ 롯데백화점 ▶ 동부소방서 ▶ 대인시장(서) ▶ 전남여고 ▶ 동구노인종합복지관 ▶ 농장다리 ▶ 법원 ▶ 지산2동행정복지센터 ▶ 단사공원 ▶ 지산유원지입구 ▶ 지산유원지 ▶ 신양파크호텔 ▶ 산수무등파크 ▶ 장원초교(동) ▶ 장원초교(북) ▶ 율곡초교 ▶ 두암주공아파트 ▶ 삼정초교 ▶ 대주빌라 ▶ 두암라인동산아파트 ▶ 문화초교 ▶ 신흥맨션 ▶ 각화무등파크 ▶ 각화중 ▶ 힐스테이트 각화 ▶ 보광사 ▶ 도선사 ▶ 장등동 ▶ 변전소 ▶ 망향동산길 ▶ 장동마을,0,
두암81(무등파크.장등동),장등동,장등동,48,장등동 ▶ 도선사입구 ▶ 힐스테이트 각화 ▶ 각화중 ▶ 각화무등파크 ▶ 신흥맨션 ▶ 문화초교 ▶ 두암라인동산아파트 ▶ 대주빌라 ▶ 삼정초교 ▶ 두암주공아파트 ▶ 율곡초교 ▶ 장원초교(북) ▶ 장원초교(동) ▶ 산수무등파크 ▶ 신양파크호텔 ▶ 지산유원지 ▶ 지산유원지입구 ▶ 단사공원 ▶ 지산2동행정복지센터 ▶ 법원 ▶ 농장다리 ▶ 동구노인종합복지관 ▶ 전남여고 ▶ 대인시장(서) ▶ 동부소방서 ▶ 대인광장(북) ▶ 대인광장(동) ▶ 롯데백화점 ▶ 광주일고.광주고용센터 ▶ 유동사거리 ▶ 엔씨백화점 ▶ 광주역 ▶ 신안사거리 ▶ 전남대 ▶ 북구보건소 ▶ 북구청 ▶ 동부시장 ▶ 말바우시장(서) ▶ 말바우시장(동) ▶ 무등도서관 ▶ 광주병원 ▶ 각화금호아파트 ▶ 각화중 ▶ 힐스테이트 각화 ▶ 보광사 ▶ 도선사 ▶ 장등동,0,
두암81(각화초교.장등동),장등동,장등동,46,장등동 ▶ 도선사입구 ▶ 힐스테이트 각화 ▶ 각화중 ▶ 각화초교 ▶ 각화금호아파트 ▶ 광주병원 ▶ 무등도서관 ▶ 말바우시장(동) ▶ 말바우시장(서) ▶ 동부시장 ▶ 북구청 ▶ 북구보건소 ▶ 전남대 ▶ 신안사거리 ▶ 광주역 ▶ 유동사거리 ▶ 광주일고.광주고용센터 ▶ 롯데백화점 ▶ 동부소방서 ▶ 대인시장(서) ▶ 전남여고 ▶ 동구노인종합복지관 ▶ 농장다리 ▶ 법원 ▶ 지산2동행정복지센터 ▶ 단사공원 ▶ 지산유원지입구 ▶ 지산유원지 ▶ 신양파크호텔 ▶ 산수무등파크 ▶ 장원초교(동) ▶ 장원초교(북) ▶ 율곡초교 ▶ 두암주공아파트 ▶ 삼정초교 ▶ 대주빌라 ▶ 두암라인동산아파트 ▶ 문화초교 ▶ 신흥맨션 ▶ 각화무등파크 ▶ 각화중 ▶ 힐스테이트 각화 ▶ 보광사 ▶ 도선사 ▶ 장등동,0,
두암81(무등파크.장등마을),장등마을,장등마을,56,장등마을 ▶ 장동마을 ▶ 망향동산길 ▶ 변전소 ▶ 장등동 ▶ 도선사입구 ▶ 힐스테이트 각화 ▶ 각화중 ▶ 각화무등파크 ▶ 신흥맨션 ▶ 문화초교 ▶ 두암라인동산아파트 ▶ 대주빌라 ▶ 삼정초교 ▶ 두암주공아파트 ▶ 율곡초교 ▶ 장원초교(북) ▶ 장원초교(동) ▶ 산수무등파크 ▶ 신양파크호텔 ▶ 지산유원지 ▶ 지산유원지입구 ▶ 단사공원 ▶ 지산2동행정복지센터 ▶ 법원 ▶ 농장다리 ▶ 동구노인종합복지관 ▶ 전남여고 ▶ 대인시장(서) ▶ 동부소방서 ▶ 대인광장(북) ▶ 대인광장(동) ▶ 롯데백화점 ▶ 광주일고.광주고용센터 ▶ 유동사거리 ▶ 엔씨백화점 ▶ 광주역 ▶ 신안사거리 ▶ 전남대 ▶ 북구보건소 ▶ 북구청 ▶ 동부시장 ▶ 말바우시장(서) ▶ 말바우시장(동) ▶ 무등도서관 ▶ 광주병원 ▶ 각화금호아파트 ▶ 각화중 ▶ 힐스테이트 각화 ▶ 보광사 ▶ 도선사 ▶ 장등동 ▶ 변전소 ▶ 망향동산길 ▶ 장동마을 ▶ 장등마을,0,
용봉83,비엔날레전시관,비엔날레전시관,32,비엔날레전시관 ▶ 비엔날레전시관입구 ▶ 용봉현대1차아파트 ▶ 중앙여고 ▶ 광주예술의전당 ▶ 운암시장 ▶ 경신여고 ▶ 광주지방기상청 ▶ 신안교 ▶ 용봉초교 ▶ 전남대사거리(서) ▶ 신안사거리 ▶ 광주역(동) ▶ 중흥초교 ▶ 4.19기념관 ▶ 서방사거리육교 ▶ 서방시장(남) ▶ 동강대 ▶ 말바우시장(서) ▶ 동부시장 ▶ 북구청 ▶ 전남대동문 ▶ 전남대공과대학 ▶ 성산맨션 ▶ 도로교통공단 대신파크 ▶ 용봉한화꿈에그린 ▶ 삼원맨션 ▶ 유창아파트 ▶ 용봉모아아파트 ▶ 용봉동성당 ▶ 용봉현대3차아파트 ▶ 비엔날레전시관,30,비엔날레전시관 ▶ 용봉현대3차아파트 ▶ 용봉동성당 ▶ 용봉모아아파트 ▶ 유창아파트 ▶ 유창허니문 ▶ 용봉우미아파트 ▶ 삼원맨션 ▶ 용봉한화꿈에그린 ▶ 도로교통공단 대신파크 ▶ 전남대공과대학 ▶ 전남대동문 ▶ 북구청 ▶ 동부시장 ▶ 말바우시장(서) ▶ 말바우시장(남) ▶ 동강대 ▶ 서방시장(남) ▶ 서방사거리육교 ▶ 4.19기념관 ▶ 중흥초교 ▶ 광주역 ▶ 신안사거리 ▶ 전남대사거리(서) ▶ 용봉초교 ▶ 신안교 ▶ 광주지방기상청 ▶ 한국국토정보공사광주중부지사 ▶ 용봉현대1차아파트 ▶ 비엔날레전시관입구
용전84,송강정종점,양동시장역(천변),39,송강정종점 ▶ 솔가람고 ▶ 월전(담양) ▶ 양지 ▶ 와우리 ▶ 신평 ▶ 태령 ▶ 단지삼거리 ▶ 두촌 ▶ 수곡 ▶ 북초교 ▶ 효령노인복지타운 ▶ 전통공예문화학교 ▶ 용전입구 ▶ 용전사거리(북) ▶ 지산입구 ▶ 지산초교 ▶ 대원정사 ▶ 호남권역재활병원 ▶ 건국동행정복지센터 ▶ 건국지구대 ▶ 신용두 ▶ 거진 ▶ 양산초교입구 ▶ 양산호수공원 ▶ 북구문화센터/KT&G광주공장 ▶ 롯데칠성 ▶ 해태제과 ▶ 광주다문화가족지원거점센터 ▶ 마당고개 ▶ 국립광주박물관입구 ▶ 체육고.폴리텍대학 ▶ 광주예술의전당 ▶ 광천치안센터 ▶ 현대자동차 ▶ 발산마을 ▶ 발산교(북) ▶ 양동교 ▶ 양동시장역(천변),43,양동시장역(천변) ▶ 양동교 ▶ 전남방직 ▶ 현대자동차 ▶ 광천치안센터 ▶ 임동주공아파트 ▶ 광주기아챔피언스필드 ▶ 경신여고 ▶ 운암시장 ▶ 광주예술의전당후문 ▶ 체육고.폴리텍대학 ▶ 국립광주박물관입구 ▶ 마당고개 ▶ 광주다문화가족지원거점센터 ▶ 해태제과 ▶ 롯데칠성 ▶ 북구문화센터/KT&G광주공장 ▶ 양산호수공원 ▶ 양산초교입구 ▶ 거진 ▶ 신용두 ▶ 건국지구대 ▶ 건국동행정복지센터 ▶ 호남권역재활병원 ▶ 대원정사 ▶ 지산초교 ▶ 지산입구 ▶ 용전사거리(북) ▶ 대진운수 ▶ 용전입구 ▶ 전통공예문화학교 ▶ 효령노인복지타운 ▶ 북초교 ▶ 수곡 ▶ 두촌 ▶ 단지삼거리 ▶ 태령 ▶ 신평 ▶ 와우리 ▶ 양지 ▶ 월전(담양) ▶ 솔가람고 ▶ 송강정종점
용전85,입암,중앙여고,32,입암 ▶ 전통공예문화학교 ▶ 용전입구 ▶ 용전사거리(북) ▶ 용전 ▶ 지산입구 ▶ 지산초교 ▶ 대원정사 ▶ 호남권역재활병원 ▶ 건국동행정복지센터 ▶ 건국지구대 ▶ 지산중 ▶ 양산호반2차 ▶ 양산택지사거리 ▶ 광주은행양산동지점 ▶ 양산초교입구 ▶ 양산초교 ▶ 연제주공아파트 ▶ 연제새한아파트 ▶ 연제외촌 ▶ 힐스테이트연제아파트 ▶ 연제현대아파트 ▶ 한양아파트 ▶ 해태제과 ▶ 광주다문화가족지원거점센터 ▶ 마당고개 ▶ 국립광주박물관입구 ▶ 체육고.폴리텍대학 ▶ 광주예술의전당 ▶ 운암시장 ▶ 한국국토정보공사광주중부지사 ▶ 중앙여고,32,중앙여고 ▶ 광주예술의전당 ▶ 광주예술의전당후문 ▶ 체육고.폴리텍대학 ▶ 국립광주박물관입구 ▶ 마당고개 ▶ 광주다문화가족지원거점센터 ▶ 해태제과 ▶ 한양아파트 ▶ 연제현대아파트 ▶ 힐스테이트연제아파트 ▶ 연제외촌 ▶ 연제새한아파트 ▶ 연제주공아파트 ▶ 양산초교 ▶ 양산초교입구 ▶ 광주은행양산동지점 ▶ 양산택지사거리 ▶ 양산호반2차 ▶ 지산중 ▶ 건국지구대 ▶ 건국동행정복지센터 ▶ 호남권역재활병원 ▶ 대원정사 ▶ 지산초교 ▶ 지산입구 ▶ 용전 ▶ 용전사거리(북) ▶ 대진운수 ▶ 용전입구 ▶ 전통공예문화학교 ▶ 입암
용전86,장등동,효령노인복지타운,33,장등동 ▶ 도선사입구 ▶ 힐스테이트 각화 ▶ 각화중 ▶ 각화초교 ▶ 각화금호아파트 ▶ 동광주IC입구 ▶ 농산물공판장 ▶ 문흥지구입구(서) ▶ 문흥라인동산아파트 ▶ 문흥라인아파트 ▶ 문흥중 ▶ 자연과학고 ▶ 용봉중 ▶ 서산초교 ▶ 오치1동행정복지센터 ▶ 삼각호반아파트 ▶ 고려고 ▶ 삼각그린타운 ▶ 국제고 ▶ 일곡사거리 ▶ 일곡초교 ▶ 서일초교 ▶ 일곡삼호아파트 ▶ 명상의집 ▶ 우치공원 ▶ 생룡 ▶ 지산마을 ▶ 용전사거리(북) ▶ 대진운수 ▶ 용전입구 ▶ 전통공예문화학교 ▶ 효령노인복지타운,31,효령노인복지타운 ▶ 전통공예문화학교 ▶ 용전입구 ▶ 용전사거리(북) ▶ 지산마을 ▶ 생룡 ▶ 우치공원 ▶ 명상의집 ▶ 일곡삼호아파트 ▶ 서일초교 ▶ 일곡초교 ▶ 일곡사거리 ▶ 국제고 ▶ 삼각그린타운 ▶ 삼각호반아파트 ▶ 오치1동행정복지센터 ▶ 서산초교 ▶ 용봉중 ▶ 자연과학고 ▶ 샛터코아 ▶ 문흥라인아파트 ▶ 문흥라인동산아파트 ▶ 광주솔로몬로파크 ▶ 문흥지구입구(남) ▶ 농산물공판장 ▶ 각화금호아파트 ▶ 각화중 ▶ 힐스테이트 각화 ▶ 보광사 ▶ 도선사 ▶ 장등동
석곡87,청풍수련장,조선대장미원,30,청풍수련장 ▶ 등촌 ▶ 신촌아랫길(4수원지) ▶ 신촌윗길(4수원지) ▶ 분토(북구) ▶ 죽곡(남) ▶ 죽곡(북) ▶ 동초교 ▶ 월산(석곡) ▶ 석곡동행정복지센터 ▶ 용호(북구) ▶ 중소기업진흥공단호남연수원 ▶ 도선사 ▶ 문흥지구입구(남) ▶ 농산물공판장 ▶ 동광주IC입구 ▶ 광주병원 ▶ 무등도서관 ▶ 말바우시장(동) ▶ 말바우시장(남) ▶ 동강대 ▶ 서방시장(남) ▶ 계림사거리 ▶ 광주고/4.19역사관 ▶ 대인시장(동) ▶ 전남여고 ▶ 동구청 ▶ 서남동행정복지센터 ▶ 조선대병원입구 ▶ 조선대장미원,31,조선대장미원 ▶ 조선대병원입구 ▶ 서남동행정복지센터 ▶ 동구청 ▶ 전남여고 ▶ 대인시장(동) ▶ 광주고/4.19역사관 ▶ 계림사거리 ▶ 서방시장(남) ▶ 동강대 ▶ 말바우시장(동) ▶ 무등도서관 ▶ 광주병원 ▶ 동광주IC입구 ▶ 농산물공판장 ▶ 문흥지구입구(남) ▶ 문흥지구입구(동) ▶ 도동고개 ▶ 도선사 ▶ 중소기업진흥공단호남연수원 ▶ 용호(북구) ▶ 석곡동행정복지센터 ▶ 월산(석곡) ▶ 동초교 ▶ 죽곡(북) ▶ 죽곡(남) ▶ 분토(북구) ▶ 신촌윗길(4수원지) ▶ 신촌아랫길(4수원지) ▶ 등촌 ▶ 청풍수련장
임곡89,덕흥동,오룡,76,덕흥동 ▶ 덕흥마을입구 ▶ 덕흥삼거리 ▶ 유덕2교차로 ▶ 유덕1교차로 ▶ 시청 ▶ 5.18기념문화센터 ▶ 모아제일아파트 ▶ 상무호반3차 ▶ 유덕초교 ▶ 칠성마을 ▶ 광천동 ▶ 삼우아파트 ▶ 진성아파트 ▶ 광천E편한세상 ▶ 기아차정문 ▶ 광주종합버스터미널 ▶ 현대자동차 ▶ 광천초교 ▶ 농성1동행정복지센터 ▶ 서광주전화국 ▶ 돌고개역(동) ▶ 양동시장역(북) ▶ 양동교차로 ▶ 유동사거리 ▶ 엔씨백화점 ▶ 광주역 ▶ 신안사거리 ▶ 신안동행정복지센터 ▶ 태봉새마을금고 ▶ 무등야구장 ▶ 공구의거리 ▶ 광암교입구 ▶ 동천마을6단지 ▶ 동천마을3단지 ▶ 동천마을1단지 ▶ 동림I.C입구 ▶ 광신대교 ▶ 풍영정입구 ▶ 극락강역입구 ▶ 신가동 ▶ 목련마을 ▶ 목련마을8단지 ▶ 흑석사거리(동) ▶ 흑석사거리(서) ▶ 광산세무서 ▶ 구강리 ▶ 방혜 ▶ 신등 ▶ 산막 ▶ 벽파정 ▶ 연동 서길 ▶ 연동삼거리 ▶ 창암 ▶ 광주고룡학교 ▶ 보화촌 ▶ 천동(광산구) ▶ 비시동 ▶ 가정 ▶ 성내 ▶ 임곡역 ▶ 광일고 ▶ 원임곡 ▶ 삼화교 ▶ 연계삼거리 ▶ 임동교 ▶ 상촌(임곡) ▶ 와산 ▶ 상촌(임곡) ▶ 임동교 ▶ 연계삼거리 ▶ 석동 ▶ 월봉서원입구 ▶ 종산 ▶ 종산제입구 ▶ 오룡,76,오룡 ▶ 종산제입구 ▶ 종산 ▶ 월봉서원입구 ▶ 석동 ▶ 연계삼거리 ▶ 임동교 ▶ 상촌(임곡) ▶ 와산 ▶ 상촌(임곡) ▶ 임동교 ▶ 연계삼거리 ▶ 삼화교 ▶ 원임곡 ▶ 광일고 ▶ 임곡역 ▶ 성내 ▶ 가정 ▶ 비시동 ▶ 천동(광산구) ▶ 보화촌 ▶ 광주고룡학교 ▶ 창암 ▶ 연동삼거리 ▶ 연동 서길 ▶ 벽파정 ▶ 산막 ▶ 신등 ▶ 방혜 ▶ 구강리 ▶ 광산세무서 ▶ 흑석사거리(서) ▶ 흑석사거리(동) ▶ 목련마을8단지 ▶ 목련마을 ▶ 신가동 ▶ 극락강역입구 ▶ 풍영정입구 ▶ 광신대교 ▶ 동림I.C입구 ▶ 동천마을1단지 ▶ 동천마을3단지 ▶ 동천마을6단지 ▶ 광암교입구 ▶ 공구의거리 ▶ 무등야구장 ▶ 광주기아챔피언스필드입구 ▶ 태봉새마을금고 ▶ 신안동행정복지센터 ▶ 신안사거리 ▶ 광주역 ▶ 유동사거리 ▶ 양동교차로 ▶ 양동시장역(북) ▶ 돌고개역(동) ▶ 서광주전화국 ▶ 농성1동행정복지센터 ▶ 광천초교 ▶ 현대자동차 ▶ 광주종합버스터미널 ▶ 기아차정문 ▶ 광천E편한세상 ▶ 진성아파트 ▶ 삼우아파트 ▶ 광천동 ▶ 칠성마을 ▶ 유덕초교 ▶ 상무호반3차 ▶ 모아제일아파트 ▶ 5.18기념문화센터 ▶ 시청 ▶ 유덕1교차로 ▶ 유덕2교차로 ▶ 덕흥삼거리 ▶ 덕흥마을입구 ▶ 덕흥동
임곡90,원사호마을,두산,58,원사호마을 ▶ 봉흥마을 ▶ 원임곡 ▶ 광일고 ▶ 임곡동행정복지센터 ▶ 임곡역 ▶ 임곡정수장 ▶ 임곡교 ▶ 맥동 ▶ 흑석 ▶ 산수보건소 ▶ 매동 ▶ 입석 ▶ 산음 ▶ 신당 ▶ 본량파출소 ▶ 본량삼거리 ▶ 본량초교 ▶ 황산 ▶ 북성 ▶ 가마 ▶ 명도삼거리 ▶ 도림 ▶ 삼도초교 ▶ 지동(광산구) ▶ 동백훈련장 ▶ 송산 ▶ 가삼 ▶ 운평 ▶ 중방 ▶ 송산교 ▶ 서봉마을 ▶ 샛터마을 ▶ 호남대 ▶ 선암 ▶ 매방골 ▶ 보문고 ▶ 광산경찰서 ▶ 송정한전 ▶ 금호타이어 ▶ 광산구청 ▶ 광주송정역 ▶ 신동사거리 ▶ 도산역 ▶ 공군부대 ▶ 상선길 ▶ 팽호 ▶ 복호 ▶ 동곡송정 ▶ 동곡송정마을입구 ▶ 유림마을 ▶ 관두 ▶ 동곡동행정복지센터 ▶ 기룡마을입구 ▶ 기룡마을 ▶ 조산동길 ▶ 조산서길 ▶ 두산,58,두산 ▶ 조산서길 ▶ 조산동길 ▶ 기룡마을 ▶ 기룡마을입구 ▶ 동곡동행정복지센터 ▶ 관두 ▶ 유림마을 ▶ 동곡송정마을입구 ▶ 동곡송정 ▶ 복호 ▶ 팽호 ▶ 상선길 ▶ 공군부대 ▶ 도산역 ▶ 신동사거리 ▶ 광주송정역 ▶ 광산구청 ▶ 금호타이어 ▶ 송정한전 ▶ 광산경찰서 ▶ 보문고 ▶ 매방골 ▶ 선암 ▶ 호남대 ▶ 샛터마을 ▶ 서봉마을 ▶ 송산교 ▶ 중방 ▶ 운평 ▶ 가삼 ▶ 송산 ▶ 동백훈련장 ▶ 지동(광산구) ▶ 삼도초교 ▶ 도림 ▶ 명도삼거리 ▶ 가마 ▶ 북성 ▶ 황산 ▶ 본량초교 ▶ 본량삼거리 ▶ 본량파출소 ▶ 신당 ▶ 산음 ▶ 입석 ▶ 매동 ▶ 산수보건소 ▶ 흑석 ▶ 맥동 ▶ 임곡교 ▶ 임곡정수장 ▶ 임곡역 ▶ 임곡동행정복지센터 ▶ 광일고 ▶ 원임곡 ▶ 봉흥마을 ▶ 원사호마을
임곡91,첨단종점,와산,56,첨단종점 ▶ 고내입구 ▶ 대촌마을입구 ▶ 한국광기술원 ▶ 산업인력공단 ▶ 첨단삼성전자 ▶ 폭스존 ▶ 첨단롯데마트 ▶ 첨단생활체육공원 ▶ 보훈병원후문 ▶ 봉산중 ▶ 무양서원입구 ▶ 첨단2동행정복지센터 ▶ 첨단사거리 ▶ 첨단라인아파트 ▶ 응암공원 ▶ 첨단도서관 ▶ 첨단대우아파트 ▶ 동원촌 ▶ 비아농협 ▶ 비아호반아파트 ▶ 비아119안전센터(북) ▶ 비아119안전센터(서) ▶ 비아중흥아파트 ▶ 도촌교 ▶ 안청 ▶ 안청농협 ▶ 구 하남북초교 ▶ 진성 ▶ 진곡 서길 ▶ 백길마을 ▶ 연동동길 ▶ 연동삼거리 ▶ 창암 ▶ 광주고룡학교 ▶ 보화촌 ▶ 천동(광산구) ▶ 비시동 ▶ 두동 ▶ 용동(임곡) ▶ 신촌아랫길(임곡) ▶ 신촌윗길(임곡) ▶ 신촌아랫길(임곡) ▶ 용동(임곡) ▶ 두동 ▶ 비시동 ▶ 가정 ▶ 성내 ▶ 임곡역 ▶ 광일고 ▶ 원임곡 ▶ 삼화교 ▶ 연계삼거리 ▶ 임동교 ▶ 상촌(임곡) ▶ 와산,55,와산 ▶ 상촌(임곡) ▶ 임동교 ▶ 연계삼거리 ▶ 삼화교 ▶ 원임곡 ▶ 광일고 ▶ 임곡역 ▶ 성내 ▶ 가정 ▶ 비시동 ▶ 두동 ▶ 용동(임곡) ▶ 신촌아랫길(임곡) ▶ 신촌윗길(임곡) ▶ 신촌아랫길(임곡) ▶ 용동(임곡) ▶ 두동 ▶ 비시동 ▶ 천동(광산구) ▶ 보화촌 ▶ 광주고룡학교 ▶ 창암 ▶ 연동삼거리 ▶ 연동동길 ▶ 백길마을 ▶ 진곡 서길 ▶ 진성 ▶ 구 하남북초교 ▶ 안청농협 ▶ 안청 ▶ 도촌교 ▶ 비아중흥아파트 ▶ 비아119안전센터(서) ▶ 비아119안전센터(북) ▶ 비아호반아파트 ▶ 비아농협 ▶ 동원촌 ▶ 첨단대우아파트 ▶ 첨단도서관 ▶ 응암공원 ▶ 첨단라인아파트 ▶ 첨단사거리 ▶ 첨단2동행정복지센터 ▶ 무양서원입구 ▶ 봉산중 ▶ 보훈병원후문 ▶ 첨단생활체육공원 ▶ 첨단롯데마트 ▶ 폭스존 ▶ 첨단삼성전자 ▶ 산업인력공단 ▶ 한국광기술원 ▶ 대촌마을입구 ▶ 첨단종점
첨단92,첨단종점,흑석사거리(동),52,첨단종점 ▶ 고내입구 ▶ 광주이노비즈센터 ▶ 풍기산업 ▶ 전남과학대학포스트비 ▶ 현진기업 ▶ 한국광기술원 ▶ 산업인력공단 ▶ 첨단삼성전자 ▶ 폭스존 ▶ 첨단롯데마트 ▶ 첨단호반3차아파트 ▶ 첨단부영아파트 ▶ 무양서원입구 ▶ 무양서원 ▶ 방송통신대 ▶ 산월초교입구 ▶ 첨단라인8차아파트 ▶ 응암공원 ▶ 첨단초교 ▶ 월계중 ▶ 첨단대우아파트 ▶ 동원촌 ▶ 비아농협 ▶ 비아호반아파트 ▶ 비아119안전센터(북) ▶ 비아119안전센터(서) ▶ 비아중흥아파트 ▶ 도촌교 ▶ 신흥목재포장 ▶ 새한철강 ▶ 한국단자공업 ▶ 광주경제진흥상생일자리재단 ▶ 삼영특수강 ▶ 두산테크팩 ▶ 금호전기 ▶ 하남삼성전자사거리(북) ▶ KBI하남 ▶ 오선동 ▶ 한국알프스 ▶ 호남샤니 ▶ 화천기공 ▶ 장덕농협 ▶ 하남산단4번로삼거리 ▶ 제일화학 ▶ 백제화학 ▶ 세방전지 ▶ 정우화학 ▶ 신성화학 ▶ 유애서원 ▶ 흑석사거리(서) ▶ 흑석사거리(동),50,흑석사거리(동) ▶ 흑석사거리(서) ▶ 유애서원 ▶ 신성화학 ▶ 정우화학 ▶ 세방전지 ▶ 백제화학 ▶ 제일화학 ▶ 하남산단4번로삼거리 ▶ 장덕농협 ▶ 화천기공 ▶ 호남샤니 ▶ 한국알프스 ▶ 오선동 ▶ KBI하남 ▶ 하남삼성전자사거리(북) ▶ 금호전기 ▶ 두산테크팩 ▶ 삼영특수강 ▶ 광주경제진흥상생일자리재단 ▶ 한국단자공업 ▶ 새한철강 ▶ 신흥목재포장 ▶ 도촌교 ▶ 비아중흥아파트 ▶ 비아119안전센터(서) ▶ 비아119안전센터(북) ▶ 비아호반아파트 ▶ 비아농협 ▶ 동원촌 ▶ 첨단대우아파트 ▶ 월계중 ▶ 첨단초교 ▶ 첨단라인8차아파트 ▶ 산월초교입구 ▶ 방송통신대 ▶ 무양서원 ▶ 무양서원입구 ▶ 첨단부영아파트 ▶ 첨단호반3차아파트 ▶ 첨단롯데마트 ▶ 폭스존 ▶ 첨단삼성전자 ▶ 산업인력공단 ▶ 한국광기술원 ▶ 현진기업 ▶ 전남과학대학포스트비 ▶ 풍기산업 ▶ 광주이노비즈센터 ▶ 첨단종점
송정93,도산동,연산동,31,도산동 ▶ 도산파출소 ▶ 도산역 ▶ 신동사거리 ▶ 광주송정역 ▶ 광산구청 ▶ 금호타이어 ▶ 송정한전 ▶ 광산경찰서 ▶ 선운리버프라임아파트 ▶ 선운휴먼시아 ▶ 송촌동 ▶ 에이팩스 ▶ 삼광실업 ▶ 지죽동 ▶ 라정시내버스 ▶ 영천 ▶ 광산엘리체입구 ▶ 용동(평동) ▶ 평동중 ▶ 연호전자 ▶ 서진산업 ▶ 명화전자 ▶ 평동역(서) ▶ 평동우체국 ▶ 옥동차량기지 ▶ 평동산단7번로입구 ▶ 화전근린공원 ▶ 화전사거리 ▶ 무등도요 ▶ 연산동,31,연산동 ▶ 무등도요 ▶ 화전사거리 ▶ 화전근린공원 ▶ 평동산단7번로입구 ▶ 옥동차량기지 ▶ 평동우체국 ▶ 평동역(북) ▶ 명화전자 ▶ 서진산업 ▶ 연호전자 ▶ 평동중 ▶ 용동(평동) ▶ 광산엘리체입구 ▶ 영천 ▶ 라정시내버스 ▶ 지죽동 ▶ 삼광실업 ▶ 에이팩스 ▶ 송촌동 ▶ 선운휴먼시아 ▶ 선운리버프라임아파트 ▶ 광산경찰서 ▶ 송정한전 ▶ 금호타이어 ▶ 광산구청 ▶ 광주송정역 ▶ 신동사거리 ▶ 도산역 ▶ 도산파출소 ▶ 도산동
첨단94,첨단종점,비아호반아파트,56,첨단종점 ▶ 고내입구 ▶ 대촌마을입구 ▶ 한국광기술원 ▶ 광주테크노파크후문 ▶ 광주테크노파크 ▶ 산업인력공단 ▶ 첨단삼성전자 ▶ 폭스존 ▶ 첨단롯데마트 ▶ 첨단호반3차아파트 ▶ 첨단부영아파트 ▶ 첨단2동행정복지센터 ▶ 첨단1동행정복지센터 ▶ 첨단초교후문 ▶ 월계중 ▶ 첨단대우아파트 ▶ 동원촌 ▶ 비아119안전센터(서) ▶ 비아중흥아파트 ▶ 도촌교 ▶ 신흥목재포장 ▶ 하남철강 ▶ 도현 ▶ 기아차하남공장 ▶ 금호전기 ▶ 원예농협 ▶ KBI하남 ▶ 하남삼성전자 ▶ 장덕농협 ▶ 하남산단4번로삼거리 ▶ 제일화학 ▶ 백제화학 ▶ 세방전지 ▶ 광산소방서입구 ▶ 단전 ▶ 하남초교(북) ▶ 광산세무서 ▶ 흑석사거리(서) ▶ 흑석사거리(동) ▶ 목련마을8단지 ▶ 목련마을 ▶ 신가동 ▶ 신가사거리 ▶ 신가주공아파트 ▶ 신가우미아파트 ▶ 신가중 ▶ 신창동우체국 ▶ 신창부영1차아파트 ▶ 보건대후문 ▶ 전남공고 ▶ 신창용수마을 ▶ 수완동 ▶ 수완자동차매매단지 ▶ 비아119안전센터(북) ▶ 비아호반아파트,56,비아호반아파트 ▶ 비아사거리 ▶ 수완자동차매매단지 ▶ 수완동 ▶ 신창용수마을 ▶ 전남공고 ▶ 보건대후문 ▶ 신창부영1차아파트 ▶ 신창동우체국 ▶ 신가중 ▶ 신가우미아파트 ▶ 신가주공아파트 ▶ 신가사거리 ▶ 극락강역입구 ▶ 신가동 ▶ 목련마을 ▶ 목련마을8단지 ▶ 흑석사거리(동) ▶ 흑석사거리(서) ▶ 광산세무서 ▶ 하남초교(북) ▶ 단전 ▶ 광산소방서입구 ▶ 세방전지 ▶ 백제화학 ▶ 제일화학 ▶ 하남산단4번로삼거리 ▶ 장덕농협 ▶ 하남삼성전자 ▶ KBI하남 ▶ 원예농협 ▶ 금호전기 ▶ 기아차하남공장 ▶ 도현 ▶ 하남철강 ▶ 신흥목재포장 ▶ 도촌교 ▶ 비아중흥아파트 ▶ 비아119안전센터(서) ▶ 동원촌 ▶ 첨단대우아파트 ▶ 월계중 ▶ 첨단초교후문 ▶ 첨단1동행정복지센터 ▶ 첨단2동행정복지센터 ▶ 첨단부영아파트 ▶ 첨단호반3차아파트 ▶ 첨단롯데마트 ▶ 폭스존 ▶ 첨단삼성전자 ▶ 산업인력공단 ▶ 광주테크노파크 ▶ 광주테크노파크후문 ▶ 한국광기술원 ▶ 대촌마을입구 ▶ 첨단종점
첨단95,첨단종점,덕남마을 입구,57,첨단종점 ▶ 광주경제자유구역청 ▶ 금당 ▶ 석수정 ▶ 신용마을 ▶ 용산마을 ▶ 용전사거리(북) ▶ 지산입구 ▶ 지산초교 ▶ 대원정사 ▶ 호남권역재활병원 ▶ 건국동행정복지센터 ▶ 건국지구대 ▶ 신용두 ▶ 거진 ▶ 양산초교입구 ▶ 양산호수공원 ▶ 북구문화센터/KT&G광주공장 ▶ 롯데칠성 ▶ 해태제과 ▶ 광주다문화가족지원거점센터 ▶ 마당고개 ▶ 국립광주박물관입구 ▶ 체육고.폴리텍대학 ▶ 광주예술의전당 ▶ 운암시장 ▶ 경신여고 ▶ 광주기아챔피언스필드 ▶ 임동한국아델리움1차 ▶ 임동행정복지센터 ▶ 임동농협 ▶ 북성중 ▶ 광주일고.광주고용센터 ▶ 금남로5가역 ▶ 금남로4가역 ▶ 국립아시아문화전당(구.도청) ▶ 문화전당역 ▶ 전남대병원오거리/남동성당 ▶ 전남대병원.남광주시장 ▶ 남광주역 ▶ 양림휴먼시아2차 ▶ 양림휴먼시아1차 ▶ 남광주농협 ▶ 백운광장 ▶ 호남삼육고입구 ▶ 대광여고 ▶ 진월대주아파트 ▶ 대성여고 ▶ 동성고 ▶ 송화마을1단지입구 ▶ 송화마을3단지 ▶ 송화마을4단지 ▶ 조각배어린이공원 ▶ 빛고을노인건강타운 ▶ 고령친화종합체험관 ▶ 빛고을전남대병원 ▶ 덕남마을 입구,58,덕남마을 입구 ▶ 고령친화종합체험관 ▶ 빛고을노인건강타운 ▶ 조각배어린이공원 ▶ 송화마을4단지 ▶ 송화마을3단지 ▶ 진월저수지(서) ▶ 진월동행정복지센터 ▶ 광주대입구 ▶ 동성고 ▶ 대성여고 ▶ 진월대주아파트 ▶ 대광여고 ▶ 백운광장 ▶ 남광주농협 ▶ 양림휴먼시아1차 ▶ 양림휴먼시아2차 ▶ 남광주역 ▶ 전남대병원.남광주시장 ▶ 전남대병원오거리/남동성당 ▶ 문화전당역 ▶ 국립아시아문화전당(구.도청) ▶ 금남로4가역 ▶ 금남로5가역 ▶ 광주일고.광주고용센터 ▶ 북성중 ▶ 요한병원 ▶ 임동농협 ▶ 임동행정복지센터 ▶ 임동한국아델리움1차 ▶ 광주기아챔피언스필드 ▶ 경신여고 ▶ 운암시장 ▶ 광주예술의전당후문 ▶ 체육고.폴리텍대학 ▶ 국립광주박물관입구 ▶ 마당고개 ▶ 광주다문화가족지원거점센터 ▶ 해태제과 ▶ 롯데칠성 ▶ 북구문화센터/KT&G광주공장 ▶ 양산호수공원 ▶ 양산초교입구 ▶ 거진 ▶ 신용두 ▶ 건국지구대 ▶ 건국동행정복지센터 ▶ 호남권역재활병원 ▶ 대원정사 ▶ 지산초교 ▶ 지산입구 ▶ 용전사거리(북) ▶ 용산마을 ▶ 신용마을 ▶ 석수정 ▶ 금당 ▶ 광주경제자유구역청 ▶ 첨단종점
송정96,용봉마을,송학,46,용봉마을 ▶ 용봉입구 ▶ 창교 ▶ 호가정 ▶ 동곡 ▶ 유림/관두 ▶ 평호동 ▶ 하선 ▶ 상선 ▶ 공군부대후문 ▶ 송정호반아파트 ▶ 도산동행정복지센터 ▶ 송정초교 ▶ 송정대덕아파트 ▶ 송정시장 ▶ 영광통사거리 ▶ 광산구청 ▶ 광주송정역 ▶ 신덕마을 ▶ 검문소 ▶ 장록 ▶ 꽃동네 ▶ 월전(광산구) ▶ 평동역(서) ▶ 평동우체국 ▶ 옥동 ▶ 평동초교 ▶ 용곡입구 ▶ 기곡 ▶ 용강입구 ▶ 축산시험장 ▶ 동산마을 ▶ 월곡 ▶ 대덕마을 ▶ 학동마을 ▶ 복굴 ▶ 신동마을 ▶ 내기마을 ▶ 송학입구 ▶ 삼도농협대산간이지점 ▶ 대산삼거리 ▶ 대산삼거리 ▶ 삼도농협대산간이지점 ▶ 송학입구 ▶ 광산구유스호스텔 ▶ 송학,46,송학 ▶ 광산구유스호스텔 ▶ 송학입구 ▶ 삼도농협대산간이지점 ▶ 대산삼거리 ▶ 대산삼거리 ▶ 삼도농협대산간이지점 ▶ 송학입구 ▶ 내기마을 ▶ 신동마을 ▶ 복굴 ▶ 학동마을 ▶ 대덕마을 ▶ 월곡 ▶ 동산마을 ▶ 축산시험장 ▶ 용강입구 ▶ 기곡 ▶ 용곡입구 ▶ 평동초교 ▶ 옥동 ▶ 평동우체국 ▶ 평동역(동) ▶ 월전(광산구) ▶ 꽃동네 ▶ 장록 ▶ 검문소 ▶ 신덕마을 ▶ 광주송정역 ▶ 광산구청 ▶ 영광통사거리 ▶ 송정시장 ▶ 송정대덕아파트 ▶ 송정초교 ▶ 도산동행정복지센터 ▶ 송정호반아파트 ▶ 공군부대후문 ▶ 상선 ▶ 하선 ▶ 평호동 ▶ 유림/관두 ▶ 동곡 ▶ 호가정 ▶ 창교 ▶ 용봉입구 ▶ 용봉마을
송정97(봉정행),공항,광암복림,57,공항 ▶ 송정파출소(북) ▶ 송정공원역 ▶ 영광통 ▶ 광산구청 ▶ 광주송정역 ▶ 신덕마을 ▶ 검문소 ▶ 장록 ▶ 꽃동네 ▶ 월전(광산구) ▶ 평동역(서) ▶ 평동우체국 ▶ 옥동 ▶ 평동초교 ▶ 용곡입구 ▶ 기곡 ▶ 용강입구 ▶ 축산시험장 ▶ 명화마을 ▶ 평지마을 ▶ 봉정마을입구 ▶ 봉정마을 ▶ 명화동 ▶ 명동삼거리 ▶ 명화리 ▶ 월곡마을 ▶ 연동 ▶ 회룡(광산구) ▶ 도야 ▶ 동촌 ▶ 신광(삼도) ▶ 대산 ▶ 대산삼거리 ▶ 가산 ▶ 가산(북) ▶ 대야 ▶ 우치 ▶ 망월(쌍내입구) ▶ 용산 ▶ 양화 ▶ 대봉 ▶ 상무자동차학원 ▶ 용성자동차학원 ▶ 마암 ▶ 칠성삼거리 ▶ 칠성 ▶ 삼도서초교 ▶ 삼도삼거리 ▶ 삼암 ▶ 금복중 ▶ 봉정 ▶ 삼도동행정복지센터 ▶ 양림마을 ▶ 양촌(삼도) ▶ 운암마을 ▶ 광암복림,58,광암복림 ▶ 운암마을 ▶ 양촌(삼도) ▶ 양림마을 ▶ 삼도동행정복지센터 ▶ 봉정 ▶ 금복중 ▶ 삼암 ▶ 삼도삼거리 ▶ 삼도서초교 ▶ 칠성 ▶ 칠성삼거리 ▶ 마암 ▶ 용성자동차학원 ▶ 상무자동차학원 ▶ 대봉 ▶ 양화 ▶ 용산 ▶ 망월(쌍내입구) ▶ 우치 ▶ 대야 ▶ 가산(북) ▶ 가산 ▶ 대산삼거리 ▶ 대산 ▶ 신광(삼도) ▶ 동촌 ▶ 도야 ▶ 회룡(광산구) ▶ 연동 ▶ 월곡마을 ▶ 명화리 ▶ 명동삼거리 ▶ 명화동 ▶ 봉정마을 ▶ 봉정마을입구 ▶ 평지마을 ▶ 명화마을 ▶ 축산시험장 ▶ 용강입구 ▶ 기곡 ▶ 용곡입구 ▶ 평동초교 ▶ 옥동 ▶ 평동우체국 ▶ 평동역(동) ▶ 월전(광산구) ▶ 꽃동네 ▶ 장록 ▶ 검문소 ▶ 신덕마을 ▶ 광주송정역 ▶ 광산구청 ▶ 영광통 ▶ 송정공원역 ▶ 송정파출소(북) ▶ 공항역 ▶ 공항
송정97,공항,광암복림,53,공항 ▶ 송정파출소(북) ▶ 송정공원역 ▶ 영광통 ▶ 광산구청 ▶ 광주송정역 ▶ 신덕마을 ▶ 검문소 ▶ 장록 ▶ 꽃동네 ▶ 월전(광산구) ▶ 평동역(서) ▶ 평동우체국 ▶ 옥동 ▶ 평동초교 ▶ 용곡입구 ▶ 기곡 ▶ 용강입구 ▶ 축산시험장 ▶ 명화동 ▶ 명동삼거리 ▶ 명화리 ▶ 월곡마을 ▶ 연동 ▶ 회룡(광산구) ▶ 도야 ▶ 동촌 ▶ 신광(삼도) ▶ 대산 ▶ 대산삼거리 ▶ 가산 ▶ 가산(북) ▶ 대야 ▶ 우치 ▶ 망월(쌍내입구) ▶ 용산 ▶ 양화 ▶ 대봉 ▶ 상무자동차학원 ▶ 용성자동차학원 ▶ 마암 ▶ 칠성삼거리 ▶ 칠성 ▶ 삼도서초교 ▶ 삼도삼거리 ▶ 삼암 ▶ 금복중 ▶ 봉정 ▶ 삼도동행정복지센터 ▶ 양림마을 ▶ 양촌(삼도) ▶ 운암마을 ▶ 광암복림,54,광암복림 ▶ 운암마을 ▶ 양촌(삼도) ▶ 양림마을 ▶ 삼도동행정복지센터 ▶ 봉정 ▶ 금복중 ▶ 삼암 ▶ 삼도삼거리 ▶ 삼도서초교 ▶ 칠성 ▶ 칠성삼거리 ▶ 마암 ▶ 용성자동차학원 ▶ 상무자동차학원 ▶ 대봉 ▶ 양화 ▶ 용산 ▶ 망월(쌍내입구) ▶ 우치 ▶ 대야 ▶ 가산(북) ▶ 가산 ▶ 대산삼거리 ▶ 대산 ▶ 신광(삼도) ▶ 동촌 ▶ 도야 ▶ 회룡(광산구) ▶ 연동 ▶ 월곡마을 ▶ 명화리 ▶ 명동삼거리 ▶ 명화동 ▶ 축산시험장 ▶ 용강입구 ▶ 기곡 ▶ 용곡입구 ▶ 평동초교 ▶ 옥동 ▶ 평동우체국 ▶ 평동역(동) ▶ 월전(광산구) ▶ 꽃동네 ▶ 장록 ▶ 검문소 ▶ 신덕마을 ▶ 광주송정역 ▶ 광산구청 ▶ 영광통 ▶ 송정공원역 ▶ 송정파출소(북) ▶ 공항역 ▶ 공항
송정98,도산동,용산지구,61,도산동 ▶ 도산파출소 ▶ 도산역 ▶ 신동사거리 ▶ 광주송정역 ▶ 광산구청 ▶ 영광통 ▶ 송정공원역 ▶ 송정파출소(북) ▶ 송정IC ▶ 아리랑고개 ▶ 소촌금호아파트 ▶ 우산리버힐아파트 ▶ 우산빛여울채아파트(동) ▶ 광주여대 ▶ 하남중 ▶ 월곡일신아파트 ▶ 월곡시장 ▶ 영천마을9단지 ▶ 흑석사거리(동) ▶ 목련마을8단지 ▶ 목련마을 ▶ 신가동 ▶ 극락강역입구 ▶ 풍영정입구 ▶ 광신대교 ▶ 동림I.C입구 ▶ 동천마을1단지 ▶ 동천마을3단지 ▶ 동천마을6단지 ▶ 광암교입구 ▶ 공구의거리 ▶ 무등야구장 ▶ 광주기아챔피언스필드입구 ▶ 태봉새마을금고 ▶ 신안동행정복지센터 ▶ 신안사거리 ▶ 광주역(동) ▶ 중흥초교 ▶ 4.19기념관 ▶ 광주고/4.19역사관 ▶ 대인시장(동) ▶ 5.18민주화운동기록관 ▶ 국립아시아문화전당(구.도청) ▶ 문화전당역 ▶ 서남동행정복지센터 ▶ 조선대공과대학 ▶ 남광주역 ▶ 양림휴먼시아2차 ▶ 양림휴먼시아1차 ▶ 남광주농협 ▶ 남구청 ▶ 주월중입구 ▶ 봉선대화아파트 ▶ 구남구청 ▶ 조봉초교 ▶ 봉선2동행정복지센터 ▶ 남구문화예술회관 ▶ 용산지구대성베르힐 ▶ 용산지구모아엘가에듀파크 ▶ 용산지구,61,용산지구 ▶ 용산지구모아엘가에듀파크 ▶ 용산지구대성베르힐 ▶ 남구문화예술회관 ▶ 봉선2동행정복지센터 ▶ 조봉초교 ▶ 구남구청 ▶ 봉선대화아파트 ▶ 주월중입구 ▶ 남구청 ▶ 남광주농협 ▶ 양림휴먼시아1차 ▶ 양림휴먼시아2차 ▶ 남광주역 ▶ 조선대공과대학 ▶ 서남동행정복지센터 ▶ 문화전당역 ▶ 국립아시아문화전당(구.도청) ▶ 예술의거리입구 ▶ 대인시장(동) ▶ 광주고/4.19역사관 ▶ 4.19기념관 ▶ 중흥초교 ▶ 광주역 ▶ 신안사거리 ▶ 신안동행정복지센터 ▶ 태봉새마을금고 ▶ 무등야구장 ▶ 공구의거리 ▶ 광암교입구 ▶ 동천마을6단지 ▶ 동천마을3단지 ▶ 동천마을1단지 ▶ 동림I.C입구 ▶ 광신대교 ▶ 풍영정입구 ▶ 극락강역입구 ▶ 신가동 ▶ 목련마을 ▶ 목련마을8단지 ▶ 흑석사거리(동) ▶ 흑석사거리(남) ▶ 영천마을9단지 ▶ 월곡시장 ▶ 월곡일신아파트 ▶ 하남중 ▶ 광주여대 ▶ 우산빛여울채아파트(동) ▶ 우산리버힐아파트 ▶ 소촌금호아파트 ▶ 아리랑고개 ▶ 송정IC ▶ 송정파출소(북) ▶ 송정공원역 ▶ 영광통 ▶ 광산구청 ▶ 광주송정역 ▶ 신동사거리 ▶ 도산역 ▶ 도산파출소 ▶ 도산동
송정99,용봉마을,양동시장역(천변),78,용봉마을 ▶ 용봉입구 ▶ 창교 ▶ 동곡분토 ▶ 마곡 ▶ 동곡분토 ▶ 호가정 ▶ 동곡 ▶ 유림/관두 ▶ 평호동 ▶ 하선 ▶ 상선 ▶ 공군부대 ▶ 도산역 ▶ 신동사거리 ▶ 광주송정역 ▶ 광산구청 ▶ 영광통 ▶ 송정공원역 ▶ 송정파출소(북) ▶ 공항역 ▶ 장암마을 ▶ 구야촌 ▶ 신광 ▶ 신야촌입구 ▶ 신야촌 ▶ 도호 ▶ 문촌 ▶ 서창치안센터 ▶ 용두입구 ▶ 봉학 ▶ 신용 ▶ 마현 ▶ 구룡(대촌) ▶ 석교삼거리 ▶ 석정 ▶ 시산 ▶ 농막 ▶ 화장뒷길 ▶ 화장앞길 ▶ 지동 ▶ 월성 ▶ 학촌 ▶ 무학초교 ▶ 육묘장 ▶ 대지동하촌 ▶ 대지동상촌 ▶ 에너지밸리입구 ▶ 대촌동행정복지센터 ▶ 하지석 ▶ 상지석 ▶ 원산 ▶ 포충사 ▶ 복수 ▶ 이장2동 ▶ 이장1동 ▶ 수춘 ▶ 양과동 ▶ 향등 ▶ 송암동 ▶ 인성고 ▶ 남선산업 ▶ 송하삼익아파트 ▶ 광주대입구 ▶ 동성고 ▶ 대성여고 ▶ 진월대주아파트 ▶ 대광여고 ▶ 백운광장 ▶ 백운우체국 ▶ 까치고개 ▶ 대성사거리 ▶ 무진중 ▶ 월산초교 ▶ 동신대한방병원 ▶ 돌고개역(동) ▶ 양동시장역(남) ▶ 양동시장역(천변),78,양동시장역(천변) ▶ 양동시장역(남) ▶ 동신대한방병원 ▶ 월산초교 ▶ 무진중 ▶ 대성사거리 ▶ 까치고개 ▶ 백운초교(북) ▶ 백운우체국 ▶ 백운광장 ▶ 호남삼육고입구 ▶ 대광여고 ▶ 진월대주아파트 ▶ 대성여고 ▶ 동성고 ▶ 송하삼익아파트 ▶ 남선산업 ▶ 인성고 ▶ 송암동 ▶ 향등 ▶ 양과동 ▶ 수춘 ▶ 이장1동 ▶ 이장2동 ▶ 복수 ▶ 포충사 ▶ 원산 ▶ 상지석 ▶ 하지석 ▶ 대촌동행정복지센터 ▶ 에너지밸리입구 ▶ 대지동상촌 ▶ 대지동하촌 ▶ 육묘장 ▶ 무학초교 ▶ 학촌 ▶ 월성 ▶ 지동 ▶ 화장앞길 ▶ 화장뒷길 ▶ 농막 ▶ 시산 ▶ 석정 ▶ 석교삼거리 ▶ 구룡(대촌) ▶ 마현 ▶ 신용 ▶ 봉학 ▶ 용두입구 ▶ 서창치안센터 ▶ 문촌 ▶ 도호 ▶ 신야촌 ▶ 신야촌입구 ▶ 신광 ▶ 구야촌 ▶ 장암마을 ▶ 공항역 ▶ 송정파출소(북) ▶ 송정공원역 ▶ 영광통 ▶ 광산구청 ▶ 광주송정역 ▶ 신동사거리 ▶ 도산역 ▶ 공군부대 ▶ 상선 ▶ 하선 ▶ 평호동 ▶ 유림/관두 ▶ 동곡 ▶ 호가정 ▶ 동곡분토 ▶ 마곡 ▶ 동곡분토 ▶ 창교 ▶ 용봉입구 ▶ 용봉마을
송정100,도산동,도산동,31,도산동 ▶ 공군부대 ▶ 공군부대후문 ▶ 송정호반아파트 ▶ 도산동행정복지센터 ▶ 송정초교 ▶ 금강1길 ▶ 광주송정역 ▶ 광산구청 ▶ 영광통사거리 ▶ 송정시장 ▶ 송정신한화아파트 ▶ 공군부대정문 ▶ 공항 ▶ 송정파출소(북) ▶ 송정공원역 ▶ 영광통 ▶ 금호타이어 ▶ 송정한전 ▶ 광산경찰서 ▶ 선운리버프라임아파트 ▶ 선운휴먼시아 ▶ 송촌동 ▶ 럭키금속 ▶ 월전공원 ▶ 명화전자 ▶ 평동역(남) ▶ 평동산단로 ▶ 아르네코리아 ▶ 원두공원 ▶ 도산동,32,도산동 ▶ 원두공원 ▶ 아르네코리아 ▶ 평동산단로 ▶ 평동역(북) ▶ 명화전자 ▶ 월전공원 ▶ 럭키금속 ▶ 송촌동 ▶ 선운휴먼시아 ▶ 선운리버프라임아파트 ▶ 광산경찰서 ▶ 송정한전 ▶ 금호타이어 ▶ 영광통 ▶ 송정공원역 ▶ 송정파출소(북) ▶ 공항역 ▶ 공항 ▶ 공군부대정문 ▶ 송정신한화아파트 ▶ 송정시장 ▶ 영광통사거리 ▶ 광산구청 ▶ 광주송정역(동) ▶ 금강1길 ▶ 송정초교 ▶ 도산동행정복지센터 ▶ 송정호반아파트 ▶ 공군부대후문 ▶ 공군부대 ▶ 도산동
선운101(송산유원지),송산유원지(종점),진흥고,55,송산유원지(종점) ▶ 송산유원지 ▶ 송산교 ▶ 서봉마을 ▶ 샛터마을 ▶ 호남대 ▶ 선암 ▶ 선운중학교 ▶ 선운휴먼시아 ▶ 선운리버프라임아파트 ▶ 광산경찰서 ▶ 송정한전 ▶ 금호타이어 ▶ 광산구청 ▶ 광주송정역 ▶ 신동사거리 ▶ 도산역 ▶ 공군부대 ▶ 공군부대후문 ▶ 송정호반아파트 ▶ 도산동행정복지센터 ▶ 송정초교 ▶ 송정대덕아파트 ▶ 상전 ▶ 송정모아아파트 ▶ 송정파출소(남) ▶ 송정IC ▶ 아리랑고개 ▶ 소촌금호아파트 ▶ 우산리버힐아파트 ▶ 우산빛여울채아파트(동) ▶ 광주여대 ▶ 역산공원입구 ▶ 산정중입구 ▶ 산정초교 ▶ 다사로움1차아파트 ▶ 하남초교 ▶ 하남초교(북) ▶ 광산구보건소 ▶ 신성화학 ▶ 유애서원 ▶ 흑석사거리(서) ▶ 흑석사거리(동) ▶ 수완중흥S-클래스 2차 ▶ 수완새한포유 ▶ 우주선어린이공원입구 ▶ 수완진흥더루벤스 ▶ 고실마을 ▶ 수완양우내안애 ▶ 골옷교 ▶ 수완우미린2차 ▶ 수완건강생활지원센터 ▶ 수완지구 ▶ 수문초교입구 ▶ 진흥고,54,진흥고 ▶ 수문초교입구 ▶ 수완지구 ▶ 수완건강생활지원센터 ▶ 수완우미린2차 ▶ 골옷교 ▶ 수완양우내안애 ▶ 고실마을 ▶ 수완진흥더루벤스 ▶ 우주선어린이공원입구 ▶ 수완새한포유 ▶ 수완중흥S-클래스 2차 ▶ 흑석사거리(동) ▶ 흑석사거리(서) ▶ 유애서원 ▶ 신성화학 ▶ 광산구보건소 ▶ 하남초교(북) ▶ 하남초교 ▶ 다사로움1차아파트 ▶ 산정초교 ▶ 산정중입구 ▶ 역산공원입구 ▶ 광주여대 ▶ 우산빛여울채아파트(동) ▶ 우산리버힐아파트 ▶ 소촌금호아파트 ▶ 아리랑고개 ▶ 송정IC ▶ 송정모아아파트 ▶ 상전 ▶ 송정대덕아파트 ▶ 송정초교 ▶ 도산동행정복지센터 ▶ 송정호반아파트 ▶ 공군부대후문 ▶ 공군부대 ▶ 도산역 ▶ 신동사거리 ▶ 광주송정역 ▶ 광산구청 ▶ 금호타이어 ▶ 송정한전 ▶ 광산경찰서 ▶ 선운리버프라임아파트 ▶ 선운휴먼시아 ▶ 선운중학교 ▶ 선암 ▶ 호남대 ▶ 샛터마을 ▶ 서봉마을 ▶ 동명고 ▶ 송산유원지 ▶ 송산유원지(종점)
선운101(빛그린산단),빛그린산단,진흥고,69,빛그린산단 ▶ 광주미래차모빌리티진흥원 ▶ 광주글로벌모터스 ▶ 송암마을 ▶ 광주시립요양병원 ▶ 삼도삼거리 ▶ 삼암 ▶ 금복중 ▶ 봉정 ▶ 삼도초교 ▶ 지동(광산구) ▶ 동백훈련장 ▶ 송산 ▶ 가삼 ▶ 운평 ▶ 중방 ▶ 송산교 ▶ 서봉마을 ▶ 샛터마을 ▶ 호남대 ▶ 선암 ▶ 선운중학교 ▶ 선운휴먼시아 ▶ 선운리버프라임아파트 ▶ 광산경찰서 ▶ 송정한전 ▶ 금호타이어 ▶ 광산구청 ▶ 광주송정역 ▶ 신동사거리 ▶ 도산역 ▶ 공군부대 ▶ 공군부대후문 ▶ 송정호반아파트 ▶ 도산동행정복지센터 ▶ 송정초교 ▶ 송정대덕아파트 ▶ 상전 ▶ 송정모아아파트 ▶ 송정파출소(남) ▶ 송정IC ▶ 아리랑고개 ▶ 소촌금호아파트 ▶ 우산리버힐아파트 ▶ 우산빛여울채아파트(동) ▶ 광주여대 ▶ 역산공원입구 ▶ 산정중입구 ▶ 산정초교 ▶ 다사로움1차아파트 ▶ 하남초교 ▶ 하남초교(북) ▶ 광산구보건소 ▶ 신성화학 ▶ 유애서원 ▶ 흑석사거리(서) ▶ 흑석사거리(동) ▶ 수완중흥S-클래스 2차 ▶ 수완새한포유 ▶ 우주선어린이공원입구 ▶ 수완진흥더루벤스 ▶ 고실마을 ▶ 수완양우내안애 ▶ 골옷교 ▶ 수완우미린2차 ▶ 수완건강생활지원센터 ▶ 수완지구 ▶ 수문초교입구 ▶ 진흥고,68,진흥고 ▶ 수문초교입구 ▶ 수완지구 ▶ 수완건강생활지원센터 ▶ 수완우미린2차 ▶ 골옷교 ▶ 수완양우내안애 ▶ 고실마을 ▶ 수완진흥더루벤스 ▶ 우주선어린이공원입구 ▶ 수완새한포유 ▶ 수완중흥S-클래스 2차 ▶ 흑석사거리(동) ▶ 흑석사거리(서) ▶ 유애서원 ▶ 신성화학 ▶ 광산구보건소 ▶ 하남초교(북) ▶ 하남초교 ▶ 다사로움1차아파트 ▶ 산정초교 ▶ 산정중입구 ▶ 역산공원입구 ▶ 광주여대 ▶ 우산빛여울채아파트(동) ▶ 우산리버힐아파트 ▶ 소촌금호아파트 ▶ 아리랑고개 ▶ 송정IC ▶ 송정모아아파트 ▶ 상전 ▶ 송정대덕아파트 ▶ 송정초교 ▶ 도산동행정복지센터 ▶ 송정호반아파트 ▶ 공군부대후문 ▶ 공군부대 ▶ 도산역 ▶ 신동사거리 ▶ 광주송정역 ▶ 광산구청 ▶ 금호타이어 ▶ 송정한전 ▶ 광산경찰서 ▶ 선운리버프라임아파트 ▶ 선운휴먼시아 ▶ 선운중학교 ▶ 선암 ▶ 호남대 ▶ 샛터마을 ▶ 서봉마을 ▶ 송산교 ▶ 중방 ▶ 운평 ▶ 가삼 ▶ 송산 ▶ 동백훈련장 ▶ 지동(광산구) ▶ 삼도초교 ▶ 봉정 ▶ 금복중 ▶ 삼암 ▶ 삼도삼거리 ▶ 광주시립요양병원 ▶ 송암마을 ▶ 광주글로벌모터스 ▶ 광주미래차모빌리티진흥원 ▶ 빛그린산단
지원152(도웅리),전대치과병원,도웅리1구,49,전대치과병원 ▶ 전남대 ▶ 신안사거리 ▶ 광주역 ▶ 삼성콜센터 ▶ 중흥시장 ▶ 대인광장(북) ▶ 동부소방서 ▶ 대인시장(서) ▶ 전남여고 ▶ 동구청 ▶ 전남대병원오거리/남동성당 ▶ 전남대병원.남광주시장 ▶ 남광주사거리 ▶ 조선대병원 ▶ 학동증심사입구역 ▶ 삼익세라믹 ▶ 동구문화센터 ▶ 광주남초교 ▶ 소태역 ▶ 지원2동행정복지센터입구 ▶ 녹동 ▶ 주남 ▶ 내남입구 ▶ 남계촌 ▶ 육판리 ▶ 선교지구입구 ▶ 화순터널 ▶ 이십곡리 ▶ 화순군선거관리위원회 ▶ 화순공공도서관입구 ▶ 자치샘삼거리 ▶ 화순교(동) ▶ 화순우체국 ▶ 화순부영아파트 ▶ 화순미륭아파트 ▶ 제일장식 ▶ 만연빌딩 ▶ 화순터미널 ▶ 화순중(남) ▶ 화순제일중 ▶ 대리교통광장(서) ▶ 화순서라아파트 ▶ 벽라리(화순역) ▶ 화순역 ▶ 오성아파트 ▶ 계소리 ▶ 도웅리2구 ▶ 도웅리1구,47,도웅리1구 ▶ 계소리 ▶ 오성아파트 ▶ 화순역 ▶ 벽라리(화순역) ▶ 화순서라아파트 ▶ 대리교통광장(서) ▶ 화순제일중 ▶ 화순중(남) ▶ 화순터미널 ▶ 만연빌딩 ▶ 제일장식 ▶ 화순미륭아파트 ▶ 화순부영아파트 ▶ 화순우체국 ▶ 화순교(동) ▶ 자치샘삼거리 ▶ 화순공공도서관입구 ▶ 화순군선거관리위원회 ▶ 이십곡리 ▶ 너릿재공원 ▶ 선교지구입구 ▶ 육판리 ▶ 남계촌 ▶ 내남입구 ▶ 주남 ▶ 녹동 ▶ 지원화훼단지 ▶ 지원2동행정복지센터입구 ▶ 소태역 ▶ 광주남초교 ▶ 동구문화센터 ▶ 삼익세라믹 ▶ 학동증심사입구역 ▶ 조선대병원 ▶ 전남대병원.남광주시장 ▶ 전남대병원오거리/남동성당 ▶ 동구청 ▶ 전남여고 ▶ 대인시장(서) ▶ 동부소방서 ▶ 대인광장(북) ▶ 중흥시장 ▶ 광주역 ▶ 신안사거리 ▶ 전남대 ▶ 전대치과병원
지원152(능주역),전대치과병원,능주역,64,전대치과병원 ▶ 전남대 ▶ 신안사거리 ▶ 광주역 ▶ 삼성콜센터 ▶ 중흥시장 ▶ 대인광장(북) ▶ 동부소방서 ▶ 대인시장(서) ▶ 전남여고 ▶ 동구청 ▶ 전남대병원오거리/남동성당 ▶ 전남대병원.남광주시장 ▶ 남광주사거리 ▶ 조선대병원 ▶ 학동증심사입구역 ▶ 삼익세라믹 ▶ 동구문화센터 ▶ 광주남초교 ▶ 소태역 ▶ 지원2동행정복지센터입구 ▶ 녹동 ▶ 주남 ▶ 내남입구 ▶ 남계촌 ▶ 육판리 ▶ 선교지구입구 ▶ 화순터널 ▶ 이십곡리 ▶ 화순군선거관리위원회 ▶ 화순공공도서관입구 ▶ 자치샘삼거리 ▶ 화순교(동) ▶ 화순우체국 ▶ 화순부영아파트 ▶ 화순미륭아파트 ▶ 제일장식 ▶ 만연빌딩 ▶ 화순터미널 ▶ 화순중(남) ▶ 화순제일중 ▶ 대리교통광장(서) ▶ 화순서라아파트 ▶ 벽라리(화순역) ▶ 화순역 ▶ 계소리1구 ▶ 계소리3구입구 ▶ 하니움스포츠센터서문 ▶ 연양리1구 ▶ 연양리2구 ▶ 연화공장 ▶ 주도리입구 ▶ 백암 ▶ 수동 ▶ 만수리 ▶ 원지리 ▶ 천덕리 ▶ 능주교 ▶ 능주사거리 ▶ 능주면사무소 ▶ 능주초교 ▶ 능주고 ▶ 잠정햇살마을 ▶ 능주역,63,능주역 ▶ 잠정햇살마을 ▶ 능주고 ▶ 능주초교 ▶ 능주면사무소 ▶ 능주사거리 ▶ 능주교 ▶ 천덕리 ▶ 원지리 ▶ 만수리 ▶ 수동 ▶ 백암 ▶ 주도리입구 ▶ 연화공장 ▶ 연양리2구 ▶ 연양리1구 ▶ 하니움스포츠센터서문 ▶ 계소리3구입구 ▶ 계소리1구 ▶ 화순역 ▶ 벽라리(화순역) ▶ 화순서라아파트 ▶ 대리교통광장(서) ▶ 화순제일중 ▶ 화순중(남) ▶ 화순터미널 ▶ 만연빌딩 ▶ 제일장식 ▶ 화순미륭아파트 ▶ 화순부영아파트 ▶ 화순우체국 ▶ 화순교(동) ▶ 자치샘삼거리 ▶ 화순공공도서관입구 ▶ 화순군선거관리위원회 ▶ 이십곡리 ▶ 너릿재공원 ▶ 선교지구입구 ▶ 육판리 ▶ 남계촌 ▶ 내남입구 ▶ 주남 ▶ 녹동 ▶ 지원화훼단지 ▶ 지원2동행정복지센터입구 ▶ 소태역 ▶ 광주남초교 ▶ 동구문화센터 ▶ 삼익세라믹 ▶ 학동증심사입구역 ▶ 조선대병원 ▶ 전남대병원.남광주시장 ▶ 전남대병원오거리/남동성당 ▶ 동구청 ▶ 전남여고 ▶ 대인시장(서) ▶ 동부소방서 ▶ 대인광장(북) ▶ 중흥시장 ▶ 광주역 ▶ 신안사거리 ▶ 전남대 ▶ 전대치과병원
대촌170,도래,대인시장(서),56,도래 ▶ 다도초교 ▶ 행정 ▶ 산림자원연구소 ▶ 국립나주병원 ▶ 산제윗길 ▶ 산제아랫길 ▶ 매화동(나주) ▶ 농업기술원 ▶ 팔마아파트 ▶ 남평미래병원 ▶ 방축마을 ▶ 광주어망 ▶ 광남고 ▶ 교촌마을 ▶ 연합의원 ▶ 나주축산농협 ▶ 남평농협 ▶ 남평오거리 ▶ 남평교 ▶ 광이리 ▶ 평산리 ▶ 어전 ▶ 하칠석.고싸움전수관 ▶ 상칠석 ▶ 도촌 ▶ 대촌동행정복지센터 ▶ 하지석 ▶ 상지석 ▶ 원산 ▶ 포충사 ▶ 복수 ▶ 이장2동 ▶ 이장1동 ▶ 수춘 ▶ 양과동 ▶ 향등 ▶ 송암동 ▶ 인성고 ▶ 남선산업 ▶ 송하삼익아파트 ▶ 광주대입구 ▶ 동성고 ▶ 대성여고 ▶ 진월대주아파트 ▶ 대광여고 ▶ 백운광장 ▶ 백운우체국 ▶ 까치고개 ▶ 대성사거리 ▶ 월산사거리 ▶ 우진아파트 ▶ 광주학생운동기념탑 ▶ 롯데백화점 ▶ 동부소방서 ▶ 대인시장(서),55,대인시장(서) ▶ 예술의거리입구 ▶ 충장동행정복지센터 ▶ 향교 ▶ 대성초교 ▶ 대성사거리 ▶ 까치고개 ▶ 백운초교(북) ▶ 백운우체국 ▶ 백운광장 ▶ 호남삼육고입구 ▶ 대광여고 ▶ 진월대주아파트 ▶ 대성여고 ▶ 동성고 ▶ 송하삼익아파트 ▶ 남선산업 ▶ 인성고 ▶ 송암동 ▶ 향등 ▶ 양과동 ▶ 수춘 ▶ 이장1동 ▶ 이장2동 ▶ 복수 ▶ 포충사 ▶ 원산 ▶ 상지석 ▶ 하지석 ▶ 대촌동행정복지센터 ▶ 도촌 ▶ 상칠석 ▶ 하칠석.고싸움전수관 ▶ 어전 ▶ 평산리 ▶ 광이리 ▶ 남평교 ▶ 남평농협 ▶ 나주축산농협 ▶ 연합의원 ▶ 교촌마을 ▶ 광남고 ▶ 광주어망 ▶ 방축마을 ▶ 남평미래병원 ▶ 팔마아파트 ▶ 농업기술원 ▶ 매화동(나주) ▶ 산제아랫길 ▶ 산제윗길 ▶ 국립나주병원 ▶ 산림자원연구소 ▶ 행정 ▶ 다도초교 ▶ 도래
대촌171,승촌,백운우체국,36,승촌 ▶ 승촌주택단지 ▶ 유촌 ▶ 양촌(대촌) ▶ 학촌 ▶ 무학초교 ▶ 육묘장 ▶ 대지동하촌 ▶ 대지동상촌 ▶ 에너지밸리입구 ▶ 한국기초과학지원연구원 ▶ 한국전기연구원 ▶ 대촌한일베라체 ▶ 대촌동행정복지센터 ▶ 하지석 ▶ 상지석 ▶ 원산 ▶ 포충사 ▶ 복수 ▶ 이장2동 ▶ 이장1동 ▶ 수춘 ▶ 양과동 ▶ 향등 ▶ 송암동 ▶ 인성고 ▶ 남선산업 ▶ 송하삼익아파트 ▶ 광주대입구 ▶ 동성고 ▶ 대성여고 ▶ 진월대주아파트 ▶ 대광여고 ▶ 백운광장 ▶ 백운초교(남) ▶ 백운우체국,35,백운우체국 ▶ 백운광장 ▶ 호남삼육고입구 ▶ 대광여고 ▶ 진월대주아파트 ▶ 대성여고 ▶ 동성고 ▶ 송하삼익아파트 ▶ 남선산업 ▶ 인성고 ▶ 송암동 ▶ 향등 ▶ 양과동 ▶ 수춘 ▶ 이장1동 ▶ 이장2동 ▶ 복수 ▶ 포충사 ▶ 원산 ▶ 상지석 ▶ 하지석 ▶ 대촌동행정복지센터 ▶ 대촌한일베라체 ▶ 한국전기연구원 ▶ 한국기초과학지원연구원 ▶ 에너지밸리입구 ▶ 대지동상촌 ▶ 대지동하촌 ▶ 육묘장 ▶ 무학초교 ▶ 학촌 ▶ 양촌(대촌) ▶ 유촌 ▶ 승촌주택단지 ▶ 승촌
진월177,도곡온천단지,양동시장역(천변),36,도곡온천단지 ▶ 도곡온천단지입구 ▶ 원동마을 ▶ 원화리 ▶ 화남마을 ▶ 앵남2구 ▶ 앵남역 ▶ 전남학숙 ▶ 세량리 ▶ 노대 ▶ 빛고을노인건강타운 ▶ 고령친화종합체험관 ▶ 빛고을전남대병원 ▶ 덕남마을 입구 ▶ 덕남 ▶ 덕남마을 입구 ▶ 고령친화종합체험관 ▶ 빛고을노인건강타운 ▶ 빛고을CC ▶ 구암 ▶ 광주대 ▶ 금호타운아파트 ▶ 광주대입구 ▶ 동성고 ▶ 대성여고 ▶ 진월대주아파트 ▶ 대광여고 ▶ 백운광장 ▶ 백운우체국 ▶ 까치고개 ▶ 대성사거리 ▶ 월산사거리 ▶ 우진아파트 ▶ 천교 ▶ 양동복개쇼핑센터 ▶ 양동시장역(천변),36,양동시장역(천변) ▶ 양동복개쇼핑센터 ▶ 천교 ▶ 우진아파트 ▶ 월산사거리 ▶ 대성사거리 ▶ 까치고개 ▶ 백운우체국 ▶ 백운광장 ▶ 호남삼육고입구 ▶ 대광여고 ▶ 진월대주아파트 ▶ 대성여고 ▶ 동성고 ▶ 금호타운아파트 ▶ 광주대 ▶ 구암 ▶ 빛고을CC ▶ 빛고을노인건강타운 ▶ 고령친화종합체험관 ▶ 빛고을전남대병원 ▶ 덕남마을 입구 ▶ 덕남 ▶ 덕남마을 입구 ▶ 고령친화종합체험관 ▶ 빛고을노인건강타운 ▶ 노대 ▶ 세량리 ▶ 전남학숙 ▶ 앵남역 ▶ 앵남2구 ▶ 화남마을 ▶ 원화리 ▶ 원동마을 ▶ 도곡온천단지입구 ▶ 도곡온천단지
두암181,대덕,서방사거리육교,29,대덕 ▶ 신갈 ▶ 창평훈련장 ▶ 창평초교 ▶ 창평고입구 ▶ 보평리 ▶ 오강리 ▶ 산덕 ▶ 연동(담양) ▶ 교산 ▶ 고서중 ▶ 고서사거리 ▶ 해평리 ▶ 보촌1구 ▶ 보촌2구 ▶ 석곡파출소 ▶ 용호(북구) ▶ 중소기업진흥공단호남연수원 ▶ 도선사 ▶ 문흥지구입구(남) ▶ 농산물공판장 ▶ 동광주IC입구 ▶ 광주병원 ▶ 무등도서관 ▶ 말바우시장(동) ▶ 말바우시장(남) ▶ 동강대 ▶ 서방시장(북) ▶ 서방사거리육교,30,서방사거리육교 ▶ 서방시장(남) ▶ 동강대 ▶ 말바우시장(동) ▶ 무등도서관 ▶ 광주병원 ▶ 동광주IC입구 ▶ 농산물공판장 ▶ 문흥지구입구(남) ▶ 문흥지구입구(동) ▶ 도동고개 ▶ 도선사 ▶ 중소기업진흥공단호남연수원 ▶ 용호(북구) ▶ 석곡파출소 ▶ 보촌2구 ▶ 보촌1구 ▶ 해평리 ▶ 고서사거리 ▶ 고서중 ▶ 교산 ▶ 연동(담양) ▶ 산덕 ▶ 오강리 ▶ 보평리 ▶ 창평고입구 ▶ 창평초교 ▶ 창평훈련장 ▶ 신갈 ▶ 대덕
용전184,수북,롯데백화점,50,수북 ▶ 포백 ▶ 수북사거리 ▶ 수북면사무소 ▶ 고성리 ▶ 월성(담양) ▶ 성산리 ▶ 행정리 ▶ 병풍리 ▶ 한재초교 ▶ 대전파출소(남) ▶ 한재중 ▶ 신남마을 ▶ 월인 ▶ 갈전 ▶ 강의리 ▶ 태목 ▶ 시목 ▶ 응기 ▶ 삼소동입구 ▶ 용산교(북구) ▶ 용전사거리(남) ▶ 지산마을 ▶ 생룡 ▶ 우치공원 ▶ 명상의집 ▶ 유격훈련장 ▶ 일곡현대3차아파트 ▶ 일곡청솔4차아파트 ▶ 월산(삼각동) ▶ 양일로입구 ▶ 원삼각마을삼일아파트 ▶ 31사단 ▶ 오치1동행정복지센터 ▶ 서산초교 ▶ 오치한전 ▶ 도로교통공단 대신파크 ▶ 전남대공과대학 ▶ 전남대스포츠센터 ▶ 효동초교입구 ▶ 동부교육청 ▶ 향토문화거리입구 ▶ 서방시장(남) ▶ 서방사거리육교 ▶ 광주고/4.19역사관 ▶ 대인시장(동) ▶ 예술의거리입구 ▶ 금남로4가역 ▶ 금남로5가역 ▶ 롯데백화점,50,롯데백화점 ▶ 동부소방서 ▶ 대인시장(동) ▶ 광주고/4.19역사관 ▶ 서방사거리육교 ▶ 서방시장(서) ▶ 향토문화거리입구 ▶ 동부교육청 ▶ 효동초교입구 ▶ 북구차량등록민원실 ▶ 전남대스포츠센터 ▶ 전남대공과대학 ▶ 성산맨션 ▶ 도로교통공단 대신파크 ▶ 오치한전 ▶ 서산초교 ▶ 오치1동행정복지센터 ▶ 31사단 ▶ 원삼각마을삼일아파트 ▶ 월산(삼각동) ▶ 일곡청솔4차아파트 ▶ 일곡현대3차아파트 ▶ 유격훈련장 ▶ 명상의집 ▶ 우치공원 ▶ 생룡 ▶ 지산마을 ▶ 용전사거리(남) ▶ 용산교(북구) ▶ 삼소동입구 ▶ 응기 ▶ 시목 ▶ 태목 ▶ 강의리 ▶ 갈전 ▶ 월인 ▶ 신남마을 ▶ 한재중 ▶ 대전파출소(남) ▶ 한재초교 ▶ 병풍리 ▶ 갑향리 ▶ 행정리 ▶ 성산리 ▶ 월성(담양) ▶ 고성리 ▶ 수북면사무소 ▶ 수북사거리 ▶ 포백 ▶ 수북
충효187,장등동,연천,41,장등동 ▶ 도선사 ▶ 문흥지구입구(남) ▶ 농산물공판장 ▶ 동광주IC입구 ▶ 광주병원 ▶ 무등도서관 ▶ 말바우시장(동) ▶ 말바우시장(남) ▶ 동강대 ▶ 서방시장(북) ▶ 교육대 ▶ 풍향삼거리 ▶ 풍향시장 ▶ 두암지구입구 ▶ 산수오거리(연천) ▶ 장원초교(서) ▶ 산수무등파크 ▶ 전망대 ▶ 4수원지 ▶ 4수원지위 ▶ 화암 ▶ 화암마을위 ▶ 충장사(북) ▶ 금곡 ▶ 무등산생태탐방원 ▶ 수리 ▶ 광주호호수생태원 ▶ 충효동환벽당 ▶ 가사문학관 ▶ 지실 ▶ 유산교 ▶ 닭뫼 ▶ 평촌도요지 ▶ 평촌 ▶ 평촌도요지 ▶ 닭뫼 ▶ 소쇄원 ▶ 전남교육연수원 ▶ 반석 ▶ 연천,42,연천 ▶ 반석 ▶ 전남교육연수원 ▶ 소쇄원 ▶ 닭뫼 ▶ 평촌도요지 ▶ 평촌 ▶ 평촌도요지 ▶ 닭뫼 ▶ 유산교 ▶ 지실 ▶ 가사문학관 ▶ 충효동환벽당 ▶ 광주호호수생태원 ▶ 수리 ▶ 무등산생태탐방원 ▶ 금곡 ▶ 충장사(북) ▶ 화암마을위 ▶ 화암 ▶ 4수원지위 ▶ 4수원지 ▶ 전망대 ▶ 산수무등파크 ▶ 장원초교(동) ▶ 산수오거리 ▶ 두암지구입구 ▶ 풍향시장 ▶ 풍향삼거리 ▶ 교육대 ▶ 서방시장(남) ▶ 동강대 ▶ 말바우시장(동) ▶ 무등도서관 ▶ 광주병원 ▶ 동광주IC입구 ▶ 농산물공판장 ▶ 문흥지구입구(남) ▶ 문흥지구입구(동) ▶ 도동고개 ▶ 도선사 ▶ 장등동
충효188,석저마을,두암지구입구,23,석저마을 ▶ 무등산생태탐방원 ▶ 수리 ▶ 광주호호수생태원 ▶ 충효동환벽당 ▶ 가사문학관 ▶ 지실 ▶ 유산교 ▶ 닭뫼 ▶ 평촌도요지 ▶ 평촌 ▶ 금산교 ▶ 금곡마을 ▶ 충장사(북) ▶ 화암마을위 ▶ 화암 ▶ 4수원지위 ▶ 4수원지 ▶ 전망대 ▶ 산수무등파크 ▶ 장원초교(동) ▶ 산수오거리 ▶ 두암지구입구,23,두암지구입구 ▶ 산수오거리(연천) ▶ 장원초교(서) ▶ 산수무등파크 ▶ 전망대 ▶ 4수원지 ▶ 4수원지위 ▶ 화암 ▶ 화암마을위 ▶ 충장사(북) ▶ 금곡마을 ▶ 금산교 ▶ 평촌 ▶ 평촌도요지 ▶ 닭뫼 ▶ 유산교 ▶ 지실 ▶ 가사문학관 ▶ 충효동환벽당 ▶ 광주호호수생태원 ▶ 수리 ▶ 무등산생태탐방원 ▶ 석저마을
첨단192,장성마산,중앙여고,41,장성마산 ▶ 녹진 ▶ 덕성 ▶ 자풍 ▶ 선평선창마을입구 ▶ 장성백운 ▶ 평산리(장성) ▶ 승가마을 ▶ 남면보건지소 ▶ 장성남면농협 ▶ 장성남중 ▶ 장성월곡 ▶ 월정(장성) ▶ 서태마을입구 ▶ 신아산 ▶ 비아1동 ▶ 비아농협 ▶ 동원촌 ▶ 첨단대우아파트 ▶ 첨단도서관 ▶ 첨단라인8차아파트 ▶ 산월초교입구 ▶ 방송통신대 ▶ 무양서원 ▶ 남부대 ▶ 신창용수마을 ▶ 전남공고입구 ▶ 보건대입구 ▶ 반촌/마한유적체험관 ▶ 산동교 ▶ 동림푸른마을 ▶ 시립장애인복지관 ▶ 운암우미아파트 ▶ 운암중 ▶ 운암초교 ▶ 서영대 ▶ 광림초교입구 ▶ 광암교입구 ▶ 공구의거리 ▶ 한국국토정보공사광주중부지사 ▶ 중앙여고,40,중앙여고 ▶ 광주예술의전당 ▶ 공구의거리 ▶ 광암교입구 ▶ 동천마을6단지 ▶ 서영대 ▶ 운암초교 ▶ 운암우미아파트 ▶ 시립장애인복지관 ▶ 동림푸른마을 ▶ 산동교 ▶ 반촌/마한유적체험관 ▶ 보건대입구 ▶ 전남공고입구 ▶ 신창용수마을 ▶ 남부대 ▶ 무양서원 ▶ 방송통신대 ▶ 산월초교입구 ▶ 첨단라인8차아파트 ▶ 첨단도서관 ▶ 첨단대우아파트 ▶ 동원촌 ▶ 비아농협 ▶ 비아사거리 ▶ 신아산 ▶ 서태마을입구 ▶ 월정(장성) ▶ 장성월곡 ▶ 장성남중 ▶ 장성남면농협 ▶ 남면보건지소 ▶ 승가마을 ▶ 평산리(장성) ▶ 장성백운 ▶ 선평선창마을입구 ▶ 자풍 ▶ 덕성 ▶ 녹진 ▶ 장성마산
첨단193,살레시오고/교통문화연수원,남면사무소,47,살레시오고/교통문화연수원 ▶ 살레시오고입구 ▶ 일곡삼호아파트 ▶ 서일초교 ▶ 일신초교 ▶ 일동초교 ▶ 일동중 ▶ 오비맥주 ▶ 코카콜라 ▶ 롯데칠성 ▶ 북구문화센터/KT&G광주공장 ▶ 양산호수공원 ▶ 양산초교입구 ▶ 양산타운 ▶ 용두주공 ▶ 복룡입구 ▶ 교통공원 ▶ 우편집중국 ▶ 농산물품질관리원 ▶ 첨단우리은행 ▶ 첨단1동행정복지센터 ▶ 쌍암공원 ▶ 과기원 ▶ 한국전자통신연구원 ▶ 한국생산기술연구원 ▶ 국립광주과학관 ▶ 앰코코리아 ▶ 은혜학교 ▶ 대촌마을 ▶ 대촌마을입구 ▶ 고내입구 ▶ 월정 ▶ 초동 ▶ 진원동초교 ▶ 학산 ▶ 상림 ▶ 작동 ▶ 덕촌 ▶ 평촌 ▶ 진원면사무소 ▶ 중앙교회 ▶ 남계(장성) ▶ 매화동(장성) ▶ 진원초교 ▶ 수촌 ▶ 산정 ▶ 남면사무소,48,남면사무소 ▶ 산정 ▶ 수촌 ▶ 진원초교 ▶ 매화동(장성) ▶ 남계(장성) ▶ 중앙교회 ▶ 진원면사무소 ▶ 평촌 ▶ 덕촌 ▶ 작동 ▶ 상림 ▶ 학산 ▶ 진원동초교 ▶ 초동 ▶ 월정 ▶ 고내입구 ▶ 대촌마을입구 ▶ 대촌마을 ▶ 은혜학교 ▶ 앰코코리아 ▶ 국립광주과학관 ▶ 한국생산기술연구원 ▶ 한국전자통신연구원 ▶ 과기원 ▶ 쌍암공원 ▶ 첨단1동행정복지센터 ▶ 첨단우리은행 ▶ 농산물품질관리원 ▶ 우편집중국 ▶ 교통공원 ▶ 복룡입구 ▶ 용두주공 ▶ 양산타운 ▶ 양산초교입구 ▶ 양산호수공원 ▶ 북구문화센터/KT&G광주공장 ▶ 롯데칠성 ▶ 코카콜라 ▶ 오비맥주 ▶ 향토음식박물관 ▶ 일곡사거리 ▶ 일동초교 ▶ 일신초교 ▶ 서일초교 ▶ 일곡삼호아파트 ▶ 살레시오고입구 ▶ 살레시오고/교통문화연수원
진곡196,진곡산단,정렬사,56,진곡산단 ▶ 진곡공원 ▶ 선진알미늄 ▶ 동명정공 ▶ 무등스크린 ▶ 명진하이테크 ▶ 한국자동차연구원 ▶ 진곡화물공영차고지 ▶ 한국알프스 ▶ 호남샤니 ▶ 화천기공 ▶ 수완진흥더루벤스 ▶ 장덕마을 ▶ 수완새한포유 ▶ 광주농수산물유통센터(서) ▶ 수완중흥S-클래스 1차 ▶ 목련마을6단지 ▶ 운남삼성아파트 ▶ 광산구노인복지관 ▶ 영천초교 ▶ 월곡시장 ▶ 월곡일신아파트 ▶ 어등초교 ▶ 광산중 ▶ 소촌금호아파트 ▶ 아리랑고개 ▶ 송정IC ▶ 송정파출소(북) ▶ 송정공원역 ▶ 영광통 ▶ 광산구청 ▶ 광주송정역(동) ▶ 금강1길 ▶ 송정초교 ▶ 도산동행정복지센터 ▶ 송정호반아파트 ▶ 공군부대후문 ▶ 상선 ▶ 하선 ▶ 평호동 ▶ 유림/관두 ▶ 동곡 ▶ 호가정 ▶ 창교 ▶ 용봉입구 ▶ 성산마을 ▶ 노안남초교 ▶ 동산마을 ▶ 산정(나주) ▶ 천동입구 ▶ 나주북초교 ▶ 나주농협송현지점 ▶ 나주동신대 ▶ 싸이클경기장 ▶ 정렬사 ▶ 정렬사,55,정렬사 ▶ 싸이클경기장 ▶ 나주동신대 ▶ 나주농협송현지점 ▶ 나주북초교 ▶ 천동입구 ▶ 산정(나주) ▶ 동산마을 ▶ 노안남초교 ▶ 성산마을 ▶ 용봉입구 ▶ 창교 ▶ 호가정 ▶ 동곡 ▶ 유림/관두 ▶ 평호동 ▶ 하선 ▶ 상선 ▶ 공군부대후문 ▶ 송정호반아파트 ▶ 도산동행정복지센터 ▶ 송정초교 ▶ 금강1길 ▶ 광주송정역 ▶ 광산구청 ▶ 영광통 ▶ 송정공원역 ▶ 송정파출소(북) ▶ 송정IC ▶ 아리랑고개 ▶ 소촌금호아파트 ▶ 광산중 ▶ 어등초교 ▶ 월곡일신아파트 ▶ 월곡시장 ▶ 영천초교 ▶ 광산구노인복지관 ▶ 운남삼성아파트 ▶ 목련마을6단지 ▶ 수완중흥S-클래스 1차 ▶ 광주농수산물유통센터(서) ▶ 수완새한포유 ▶ 장덕마을 ▶ 수완진흥더루벤스 ▶ 화천기공 ▶ 호남샤니 ▶ 한국알프스 ▶ 진곡화물공영차고지 ▶ 한국자동차연구원 ▶ 명진하이테크 ▶ 무등스크린 ▶ 동명정공 ▶ 선진알미늄 ▶ 진곡공원 ▶ 진곡산단
송정197,도산동,삼서면사무소,46,도산동 ▶ 도산파출소 ▶ 도산역 ▶ 신동사거리 ▶ 광주송정역 ▶ 광산구청 ▶ 금호타이어 ▶ 송정한전 ▶ 광산경찰서 ▶ 보문고 ▶ 매방골 ▶ 선암 ▶ 호남대 ▶ 샛터마을 ▶ 서봉마을 ▶ 송산교 ▶ 중방 ▶ 운평 ▶ 죽산 ▶ 풍숙 ▶ 본량삼거리 ▶ 본량초교 ▶ 황산 ▶ 북성 ▶ 가마 ▶ 명도삼거리 ▶ 예림 ▶ 평림 ▶ 동호 ▶ 남동 ▶ 용호(광산구) ▶ 수성 ▶ 옥산 ▶ 학동(본량) ▶ 화산(장성) ▶ 녹서 ▶ 마령 ▶ 패밀리농장 ▶ 보강 ▶ 보강입구 ▶ 인지 ▶ 송곡 ▶ 삼서초교 ▶ 대곡 ▶ 삼서우체국 ▶ 삼서면사무소,46,삼서면사무소 ▶ 삼서우체국 ▶ 대곡 ▶ 삼서초교 ▶ 송곡 ▶ 인지 ▶ 보강입구 ▶ 보강 ▶ 패밀리농장 ▶ 마령 ▶ 녹서 ▶ 화산(장성) ▶ 학동(본량) ▶ 옥산 ▶ 수성 ▶ 용호(광산구) ▶ 남동 ▶ 동호 ▶ 평림 ▶ 예림 ▶ 명도삼거리 ▶ 가마 ▶ 북성 ▶ 황산 ▶ 본량초교 ▶ 본량삼거리 ▶ 풍숙 ▶ 죽산 ▶ 운평 ▶ 중방 ▶ 송산교 ▶ 서봉마을 ▶ 샛터마을 ▶ 호남대 ▶ 선암 ▶ 매방골 ▶ 보문고 ▶ 광산경찰서 ▶ 송정한전 ▶ 금호타이어 ▶ 광산구청 ▶ 광주송정역 ▶ 신동사거리 ▶ 도산역 ▶ 도산파출소 ▶ 도산동
228(구151.화순전대병원),운암산코오롱하늘채아파트,화순전남대병원,56,운암산코오롱하늘채아파트 ▶ 동림삼익아파트 ▶ 동림교 ▶ 동천동행정복지센터 ▶ 칠성마을 ▶ 광천동 ▶ 삼우아파트 ▶ 진성아파트 ▶ 광천E편한세상 ▶ 기아차정문 ▶ 광주종합버스터미널 ▶ 광천치안센터 ▶ 제2광천교 ▶ 무등야구장 ▶ 광주기아챔피언스필드입구 ▶ 태봉새마을금고 ▶ 신안동행정복지센터 ▶ 신안사거리 ▶ 광주역(동) ▶ 중흥초교 ▶ 4.19기념관 ▶ 광주고/4.19역사관 ▶ 대인시장(동) ▶ 5.18민주화운동기록관 ▶ 국립아시아문화전당(구.도청) ▶ 문화전당역 ▶ 전남대병원오거리/남동성당 ▶ 전남대병원.남광주시장 ▶ 남광주사거리 ▶ 조선대병원 ▶ 학동증심사입구역 ▶ 삼익세라믹 ▶ 동구문화센터 ▶ 광주남초교 ▶ 소태역 ▶ 지원2동행정복지센터입구 ▶ 녹동 ▶ 주남 ▶ 내남입구 ▶ 남계촌 ▶ 육판리 ▶ 선교지구입구 ▶ 화순터널 ▶ 이십곡리 ▶ 화순군선거관리위원회 ▶ 화순공공도서관입구 ▶ 자치샘삼거리 ▶ 화순교(남) ▶ 고려병원 ▶ 제일장식 ▶ 화순미륭아파트 ▶ 화순부영아파트 ▶ 화순부영3차아파트 ▶ 화순용곡마을 ▶ 화순전남대병원입구 ▶ 화순전남대병원,55,화순전남대병원 ▶ 화순전남대병원입구 ▶ 화순용곡마을 ▶ 화순부영3차아파트 ▶ 화순부영아파트 ▶ 화순미륭아파트 ▶ 제일장식 ▶ 고려병원 ▶ 화순교(남) ▶ 자치샘삼거리 ▶ 화순공공도서관입구 ▶ 화순군선거관리위원회 ▶ 이십곡리 ▶ 너릿재공원 ▶ 선교지구입구 ▶ 육판리 ▶ 남계촌 ▶ 내남입구 ▶ 주남 ▶ 녹동 ▶ 지원화훼단지 ▶ 지원2동행정복지센터입구 ▶ 소태역 ▶ 광주남초교 ▶ 동구문화센터 ▶ 삼익세라믹 ▶ 학동증심사입구역 ▶ 조선대병원 ▶ 전남대병원.남광주시장 ▶ 전남대병원오거리/남동성당 ▶ 문화전당역 ▶ 국립아시아문화전당(구.도청) ▶ 예술의거리입구 ▶ 대인시장(동) ▶ 광주고/4.19역사관 ▶ 4.19기념관 ▶ 중흥초교 ▶ 광주역 ▶ 신안사거리 ▶ 신안동행정복지센터 ▶ 태봉새마을금고 ▶ 무등야구장 ▶ 제2광천교 ▶ 광천치안센터 ▶ 광주종합버스터미널 ▶ 기아차정문 ▶ 광천E편한세상 ▶ 진성아파트 ▶ 삼우아파트 ▶ 광천동 ▶ 칠성마을 ▶ 동천동행정복지센터 ▶ 동림교 ▶ 동림삼익아파트 ▶ 운암산코오롱하늘채아파트
228(구151.화순사평),운암산코오롱하늘채아파트,화순사평,82,운암산코오롱하늘채아파트 ▶ 동림삼익아파트 ▶ 동림교 ▶ 동천동행정복지센터 ▶ 칠성마을 ▶ 광천동 ▶ 삼우아파트 ▶ 진성아파트 ▶ 광천E편한세상 ▶ 기아차정문 ▶ 광주종합버스터미널 ▶ 광천치안센터 ▶ 제2광천교 ▶ 무등야구장 ▶ 광주기아챔피언스필드입구 ▶ 태봉새마을금고 ▶ 신안동행정복지센터 ▶ 신안사거리 ▶ 광주역(동) ▶ 중흥초교 ▶ 4.19기념관 ▶ 광주고/4.19역사관 ▶ 대인시장(동) ▶ 5.18민주화운동기록관 ▶ 국립아시아문화전당(구.도청) ▶ 문화전당역 ▶ 전남대병원오거리/남동성당 ▶ 전남대병원.남광주시장 ▶ 남광주사거리 ▶ 조선대병원 ▶ 학동증심사입구역 ▶ 삼익세라믹 ▶ 동구문화센터 ▶ 광주남초교 ▶ 소태역 ▶ 지원2동행정복지센터입구 ▶ 녹동 ▶ 주남 ▶ 내남입구 ▶ 남계촌 ▶ 육판리 ▶ 선교지구입구 ▶ 화순터널 ▶ 이십곡리 ▶ 화순군선거관리위원회 ▶ 화순공공도서관입구 ▶ 자치샘삼거리 ▶ 화순교(남) ▶ 고려병원 ▶ 제일장식 ▶ 화순미륭아파트 ▶ 화순부영아파트 ▶ 화순부영3차아파트 ▶ 화순용곡마을 ▶ 화순전남대병원입구 ▶ 화순전남대병원 ▶ 정수장입구 ▶ 다지(리)1구 ▶ 한보요업 ▶ 다지2구 ▶ 백동 ▶ 용생 ▶ 화순영재교육원 ▶ 동면농공단지 ▶ 신운 ▶ 농소 ▶ 찰동 ▶ 동면 ▶ 천동(화순) ▶ 동암 ▶ 천운장 ▶ 넘은골 ▶ 화순광업소 ▶ 구암1리 ▶ 구암2리 ▶ 문성석재 ▶ 벽송저수지 ▶ 벽송 ▶ 사평중 ▶ 사평초교 ▶ 남면사무소 ▶ 화순사평,81,화순사평 ▶ 남면사무소 ▶ 사평초교 ▶ 사평중 ▶ 벽송 ▶ 벽송저수지 ▶ 문성석재 ▶ 구암2리 ▶ 구암1리 ▶ 화순광업소 ▶ 넘은골 ▶ 천운장 ▶ 동암 ▶ 천동(화순) ▶ 동면 ▶ 찰동 ▶ 농소 ▶ 신운 ▶ 동면농공단지 ▶ 화순영재교육원 ▶ 용생 ▶ 백동 ▶ 다지2구 ▶ 한보요업 ▶ 다지(리)1구 ▶ 정수장입구 ▶ 화순전남대병원 ▶ 화순전남대병원입구 ▶ 화순용곡마을 ▶ 화순부영3차아파트 ▶ 화순부영아파트 ▶ 화순미륭아파트 ▶ 제일장식 ▶ 고려병원 ▶ 화순교(남) ▶ 자치샘삼거리 ▶ 화순공공도서관입구 ▶ 화순군선거관리위원회 ▶ 이십곡리 ▶ 너릿재공원 ▶ 선교지구입구 ▶ 육판리 ▶ 남계촌 ▶ 내남입구 ▶ 주남 ▶ 녹동 ▶ 지원화훼단지 ▶ 지원2동행정복지센터입구 ▶ 소태역 ▶ 광주남초교 ▶ 동구문화센터 ▶ 삼익세라믹 ▶ 학동증심사입구역 ▶ 조선대병원 ▶ 전남대병원.남광주시장 ▶ 전남대병원오거리/남동성당 ▶ 문화전당역 ▶ 국립아시아문화전당(구.도청) ▶ 예술의거리입구 ▶ 대인시장(동) ▶ 광주고/4.19역사관 ▶ 4.19기념관 ▶ 중흥초교 ▶ 광주역 ▶ 신안사거리 ▶ 신안동행정복지센터 ▶ 태봉새마을금고 ▶ 무등야구장 ▶ 제2광천교 ▶ 광천치안센터 ▶ 광주종합버스터미널 ▶ 기아차정문 ▶ 광천E편한세상 ▶ 진성아파트 ▶ 삼우아파트 ▶ 광천동 ▶ 칠성마을 ▶ 동천동행정복지센터 ▶ 동림교 ▶ 동림삼익아파트 ▶ 운암산코오롱하늘채아파트
대촌270,매월동(북),구소,42,매월동(북) ▶ 대동고 ▶ 화훼단지 ▶ 공구단지 ▶ 풍암사거리(동) ▶ 마재부영아파트 ▶ 마재대주아파트 ▶ 서구문화센터 ▶ 금호한국아파트 ▶ 금호시영아파트 ▶ CBS방송국 ▶ 상무중 ▶ 운천저수지 ▶ 상무지구입구 ▶ 상무역 ▶ 전남고입구 ▶ 김대중컨벤션센터(마륵)역 ▶ 월암 ▶ 서창사거리 ▶ 서창농협벽진지점 ▶ 마산(서창) ▶ 동하 ▶ 서창동행정복지센터 ▶ 절골입구(서) ▶ 중촌 ▶ 서창치안센터 ▶ 용두입구 ▶ 봉학 ▶ 신용 ▶ 마현 ▶ 구룡(대촌) ▶ 석교삼거리 ▶ 석정 ▶ 시산 ▶ 농막 ▶ 화장뒷길 ▶ 화장앞길 ▶ 지동 ▶ 월성 ▶ 학촌 ▶ 도덕 ▶ 구소,43,구소 ▶ 도덕 ▶ 학촌 ▶ 월성 ▶ 지동 ▶ 화장앞길 ▶ 화장뒷길 ▶ 농막 ▶ 시산 ▶ 석정 ▶ 석교삼거리 ▶ 구룡(대촌) ▶ 마현 ▶ 신용 ▶ 봉학 ▶ 용두입구 ▶ 서창치안센터 ▶ 중촌 ▶ 절골입구(서) ▶ 서창동행정복지센터 ▶ 동하 ▶ 마산(서창) ▶ 서창농협벽진지점 ▶ 서창사거리 ▶ 서창입구 ▶ 월암 ▶ 김대중컨벤션센터(마륵)역 ▶ 전남고입구 ▶ 상무역 ▶ 상무지구입구 ▶ 운천저수지 ▶ 금호초교 ▶ CBS방송국 ▶ 금호시영아파트 ▶ 금호한국아파트 ▶ 서구문화센터 ▶ 마재대주아파트 ▶ 마재부영아파트 ▶ 풍암사거리(동) ▶ 공구단지 ▶ 화훼단지 ▶ 대동고 ▶ 매월동(북)
임곡290,도산동,와산,68,도산동 ▶ 도산파출소 ▶ 도산역 ▶ 신동사거리 ▶ 광주송정역 ▶ 광산구청 ▶ 영광통 ▶ 송정공원역 ▶ 송정파출소(북) ▶ 송정IC ▶ 아리랑고개 ▶ 우산동중흥S클래스 ▶ 광주자동화마이스터고 ▶ 대덕아파트 ▶ 서작 ▶ 상수도광산요금센터 ▶ 우산리버힐아파트 ▶ 우산빛여울채아파트(동) ▶ 광주여대 ▶ 역산공원입구 ▶ 산정중입구 ▶ 하남홈플러스 ▶ 유애서원 ▶ 신성화학 ▶ 정우화학 ▶ 광산소방서입구 ▶ 하남3지구모아엘가 ▶ 하남1교 ▶ 지실마을 ▶ 장수동 ▶ 구강리 ▶ 방혜 ▶ 신등 ▶ 신봉정 ▶ 내등 ▶ 외등 ▶ 노동 ▶ 박호1리 ▶ 박뫼 ▶ 박호동 ▶ 송산유원지(종점) ▶ 박호동 ▶ 박뫼 ▶ 박호1리 ▶ 노동 ▶ 외등 ▶ 내등 ▶ 신봉정 ▶ 신등 ▶ 산막 ▶ 벽파정 ▶ 연동 서길 ▶ 연동삼거리 ▶ 창암 ▶ 광주고룡학교 ▶ 보화촌 ▶ 천동(광산구) ▶ 비시동 ▶ 가정 ▶ 성내 ▶ 임곡역 ▶ 광일고 ▶ 원임곡 ▶ 삼화교 ▶ 연계삼거리 ▶ 임동교 ▶ 상촌(임곡) ▶ 와산,68,와산 ▶ 상촌(임곡) ▶ 임동교 ▶ 연계삼거리 ▶ 삼화교 ▶ 원임곡 ▶ 광일고 ▶ 임곡역 ▶ 성내 ▶ 가정 ▶ 비시동 ▶ 천동(광산구) ▶ 보화촌 ▶ 광주고룡학교 ▶ 창암 ▶ 연동삼거리 ▶ 연동 서길 ▶ 벽파정 ▶ 산막 ▶ 신등 ▶ 신봉정 ▶ 내등 ▶ 외등 ▶ 노동 ▶ 박호1리 ▶ 박뫼 ▶ 박호동 ▶ 송산유원지(종점) ▶ 박호동 ▶ 박뫼 ▶ 박호1리 ▶ 노동 ▶ 외등 ▶ 내등 ▶ 신봉정 ▶ 신등 ▶ 방혜 ▶ 구강리 ▶ 장수동 ▶ 지실마을 ▶ 하남1교 ▶ 하남3지구모아엘가 ▶ 광산소방서입구 ▶ 정우화학 ▶ 신성화학 ▶ 유애서원 ▶ 하남홈플러스 ▶ 산정중입구 ▶ 역산공원입구 ▶ 광주여대 ▶ 우산빛여울채아파트(동) ▶ 우산리버힐아파트 ▶ 상수도광산요금센터 ▶ 서작 ▶ 대덕아파트 ▶ 광주자동화마이스터고 ▶ 우산동중흥S클래스 ▶ 아리랑고개 ▶ 송정IC ▶ 송정파출소(북) ▶ 송정공원역 ▶ 영광통 ▶ 광산구청 ▶ 광주송정역 ▶ 신동사거리 ▶ 도산역 ▶ 도산파출소 ▶ 도산동
송정296,도산동,동림마을,36,도산동 ▶ 도산파출소 ▶ 도산역 ▶ 신동사거리 ▶ 광주송정역 ▶ 광산구청 ▶ 금호타이어 ▶ 송정한전 ▶ 광산경찰서 ▶ 보문고 ▶ 매방골 ▶ 선암 ▶ 호남대 ▶ 샛터마을 ▶ 서봉마을 ▶ 송산교 ▶ 중방 ▶ 운평 ▶ 죽산 ▶ 풍숙 ▶ 본량삼거리 ▶ 본량초교 ▶ 황산 ▶ 북성 ▶ 가마 ▶ 명도삼거리 ▶ 예림 ▶ 평림 ▶ 남동 ▶ 용호(광산구) ▶ 신촌(본량) ▶ 본량수련장 ▶ 월산(본량) ▶ 양곡 ▶ 구룡(본량) ▶ 동림마을,36,동림마을 ▶ 구룡(본량) ▶ 양곡 ▶ 월산(본량) ▶ 본량수련장 ▶ 신촌(본량) ▶ 용호(광산구) ▶ 남동 ▶ 평림 ▶ 예림 ▶ 명도삼거리 ▶ 가마 ▶ 북성 ▶ 황산 ▶ 본량초교 ▶ 본량삼거리 ▶ 풍숙 ▶ 죽산 ▶ 운평 ▶ 중방 ▶ 송산교 ▶ 서봉마을 ▶ 샛터마을 ▶ 호남대 ▶ 선암 ▶ 매방골 ▶ 보문고 ▶ 광산경찰서 ▶ 송정한전 ▶ 금호타이어 ▶ 광산구청 ▶ 광주송정역 ▶ 신동사거리 ▶ 도산역 ▶ 도산파출소 ▶ 도산동
419,살레시오고/교통문화연수원,조선대해오름관,39,살레시오고/교통문화연수원 ▶ 살레시오고입구 ▶ 유격훈련장 ▶ 일곡현대3차아파트 ▶ 일곡대림2차아파트 ▶ 일신초교 ▶ 일동초교 ▶ 일동중 ▶ 향토음식박물관 ▶ 국제고 ▶ 삼각그린타운 ▶ 고려고 ▶ 광주공고입구 ▶ 오치초교 ▶ 비엔날레전시관 ▶ 비엔날레전시관입구 ▶ 용봉모아아파트 ▶ 유창아파트 ▶ 유창허니문 ▶ 용봉우미아파트 ▶ 삼원맨션 ▶ 용봉한화꿈에그린 ▶ 도로교통공단 대신파크 ▶ 전남대공과대학 ▶ 전남대동문 ▶ 북구보건소 ▶ 오월첫동네입구 ▶ 동부교육청 ▶ 향토문화거리입구 ▶ 서방시장(남) ▶ 계림사거리 ▶ 광주고/4.19역사관 ▶ 대인시장(동) ▶ 전남여고 ▶ 동구청 ▶ 서남동행정복지센터 ▶ 조선대장미원 ▶ 조선대대학원 ▶ 조선대해오름관,37,조선대해오름관 ▶ 조선대장미원 ▶ 서남동행정복지센터 ▶ 문화전당역 ▶ 국립아시아문화전당(구.도청) ▶ 예술의거리입구 ▶ 대인시장(동) ▶ 광주고/4.19역사관 ▶ 계림사거리 ▶ 서방시장(서) ▶ 향토문화거리입구 ▶ 동부교육청 ▶ 오월첫동네입구 ▶ 북구보건소 ▶ 전남대동문 ▶ 전남대공과대학 ▶ 성산맨션 ▶ 도로교통공단 대신파크 ▶ 용봉한화꿈에그린 ▶ 삼원맨션 ▶ 용봉우미아파트 ▶ 유창허니문 ▶ 유창허니문입구 ▶ 용주초교 ▶ 오치초교 ▶ 광주공고입구 ▶ 고려고 ▶ 삼각그린타운 ▶ 국제고 ▶ 향토음식박물관 ▶ 일동중 ▶ 일동초교 ▶ 일신초교 ▶ 일곡대림2차아파트 ▶ 유격훈련장 ▶ 살레시오고입구 ▶ 살레시오고/교통문화연수원
518,효령노인복지타운,상무지구,65,효령노인복지타운 ▶ 영락공원입구 ▶ 효령동 ▶ 영락공원2단지 ▶ 영락공원 ▶ 영락공원2단지 ▶ 효령동 ▶ 영락공원입구 ▶ 수곡 ▶ 두촌 ▶ 단지삼거리 ▶ 단지마을 ▶ 시립공원묘지 ▶ 공원묘지 ▶ 국립5.18민주묘지 ▶ 어운 ▶ 주룡 ▶ 복다우 ▶ 석곡파출소 ▶ 용호(북구) ▶ 중소기업진흥공단호남연수원 ▶ 도선사 ▶ 문흥지구입구(남) ▶ 농산물공판장 ▶ 동광주IC입구 ▶ 광주병원 ▶ 무등도서관 ▶ 말바우시장(동) ▶ 말바우시장(서) ▶ 동부시장 ▶ 북구청 ▶ 북구보건소 ▶ 전남대 ▶ 신안사거리 ▶ 광주역(동) ▶ 중흥초교 ▶ 4.19기념관 ▶ 광주고/4.19역사관 ▶ 대인시장(동) ▶ 전남여고 ▶ 동구청 ▶ 문화전당역 ▶ 국립아시아문화전당(구.도청) ▶ 금남로4가역 ▶ 금남로5가역 ▶ 광주일고.광주고용센터 ▶ 북성중 ▶ 임동오거리 ▶ 전남방직 ▶ 현대자동차 ▶ 광주종합버스터미널 ▶ 기아차중문 ▶ 상무호반3차 ▶ 모아제일아파트 ▶ 5.18기념문화센터 ▶ 시청 ▶ 한국은행 ▶ 한국국토정보공사 ▶ 한국수자원공사 ▶ 농협운천지점 ▶ 상무라인대주 ▶ 5.18자유공원 ▶ 보훈회관(5.18민주화운동교육관) ▶ 상무시민공원 ▶ 상무지구,68,상무지구 ▶ 상무시민공원 ▶ 보훈회관(5.18민주화운동교육관) ▶ 5.18자유공원 ▶ 상무라인대주 ▶ 상무쌍용금호아파트 ▶ 운천초교 ▶ 상무대우아파트 ▶ 시청 ▶ 5.18기념문화센터 ▶ 모아제일아파트 ▶ 상무호반3차 ▶ 광명하이츠후문 ▶ 기아차중문 ▶ 광주종합버스터미널 ▶ 현대자동차 ▶ 전남방직 ▶ 임동오거리 ▶ 북성중 ▶ 광주일고.광주고용센터 ▶ 금남로5가역 ▶ 금남로4가역 ▶ 국립아시아문화전당(구.도청) ▶ 문화전당역 ▶ 동구청 ▶ 전남여고 ▶ 대인시장(동) ▶ 광주고/4.19역사관 ▶ 4.19기념관 ▶ 중흥초교 ▶ 광주역 ▶ 신안사거리 ▶ 전남대 ▶ 북구보건소 ▶ 북구청 ▶ 동부시장 ▶ 말바우시장(서) ▶ 말바우시장(동) ▶ 무등도서관 ▶ 광주병원 ▶ 동광주IC입구 ▶ 농산물공판장 ▶ 문흥지구입구(남) ▶ 문흥지구입구(동) ▶ 도동고개 ▶ 도선사 ▶ 중소기업진흥공단호남연수원 ▶ 용호(북구) ▶ 석곡파출소 ▶ 공원묘지입구 ▶ 복다우 ▶ 주룡 ▶ 어운 ▶ 국립5.18민주묘지 ▶ 공원묘지 ▶ 시립공원묘지 ▶ 단지마을 ▶ 단지삼거리 ▶ 두촌 ▶ 수곡 ▶ 영락공원입구 ▶ 효령동 ▶ 영락공원2단지 ▶ 영락공원 ▶ 영락공원2단지 ▶ 효령동 ▶ 영락공원입구 ▶ 효령노인복지타운
1187,덕흥동,무등산국립공원(원효사),50,덕흥동 ▶ 덕흥마을입구 ▶ 덕흥삼거리 ▶ 유덕2교차로 ▶ 유덕동행정복지센터 ▶ 유촌마을입구 ▶ 극락초교 ▶ 버들주공1단지 ▶ 칠성마을 ▶ 광천동 ▶ 삼우아파트 ▶ 진성아파트 ▶ 광천E편한세상 ▶ 기아차정문 ▶ 광주종합버스터미널 ▶ 신세계백화점 ▶ 화정중흥파크 ▶ 농성파출소 ▶ 서구청 ▶ 광주시립미술관하정웅미술관 ▶ 담배인삼공사 ▶ 그린파크 ▶ 서림초교입구 ▶ 자동차의거리입구 ▶ 신안사거리 ▶ 광주역(동) ▶ 중흥초교 ▶ 중흥1동행정복지센터 ▶ 대인광장(동) ▶ 롯데백화점(북) ▶ 금남로5가역 ▶ 금남로4가역 ▶ 국립아시아문화전당(구.도청) ▶ 문화전당역 ▶ 동구청 ▶ 동구노인종합복지관 ▶ 농장다리 ▶ 법원입구 ▶ 산수시장 ▶ 장원초교(서) ▶ 산수무등파크 ▶ 전망대 ▶ 4수원지 ▶ 4수원지위 ▶ 화암 ▶ 화암마을위 ▶ 충장사(남) ▶ 풍암정 ▶ 안양사 ▶ 무등산국립공원(원효사),48,무등산국립공원(원효사) ▶ 안양사 ▶ 풍암정 ▶ 충장사(남) ▶ 화암마을위 ▶ 화암 ▶ 4수원지위 ▶ 4수원지 ▶ 전망대 ▶ 산수무등파크 ▶ 장원초교(동) ▶ 산수시장 ▶ 법원입구 ▶ 농장다리 ▶ 동구노인종합복지관 ▶ 동구청 ▶ 문화전당역 ▶ 국립아시아문화전당(구.도청) ▶ 금남로4가역 ▶ 금남로5가역 ▶ 롯데백화점 ▶ 대인광장(동) ▶ 중흥1동행정복지센터 ▶ 중흥초교 ▶ 광주역 ▶ 신안사거리 ▶ 자동차의거리입구 ▶ 서림초교입구 ▶ 그린파크 ▶ 담배인삼공사 ▶ 농성SK뷰 ▶ 화정중흥파크 ▶ 신세계백화점 ▶ 광주종합버스터미널 ▶ 기아차정문 ▶ 광천E편한세상 ▶ 진성아파트 ▶ 삼우아파트 ▶ 광천동 ▶ 칠성마을 ▶ 버들주공1단지 ▶ 극락초교 ▶ 유촌마을입구 ▶ 유덕동행정복지센터 ▶ 유덕2교차로 ▶ 덕흥삼거리 ▶ 덕흥마을입구 ▶ 덕흥동
